"","1:length(CountsSeuratObject@meta.data$nFeature_RNA)","CellID","CellType"
"1",1,"SRR10777225","Immune Cells"
"2",2,"SRR10777230","Epithelial"
"3",3,"SRR10777235","Endothelial"
"4",4,"SRR10777245","Immune Cells"
"5",5,"SRR10777250","Epithelial"
"6",6,"SRR10777260","Immune Cells"
"7",7,"SRR10777265","Immune Cells"
"8",8,"SRR10777270","Epithelial"
"9",9,"SRR10777275","Epithelial"
"10",10,"SRR10777285","Endothelial"
"11",11,"SRR10777295","Epithelial"
"12",12,"SRR10777300","Epithelial"
"13",13,"SRR10777315","Epithelial"
"14",14,"SRR10777320","Hepatocytes"
"15",15,"SRR10777325","Endothelial"
"16",16,"SRR10777330","Hepatocytes"
"17",17,"SRR10777345","Fibroblasts"
"18",18,"SRR10777350","Hepatocytes"
"19",19,"SRR10777355","Epithelial"
"20",20,"SRR10777360","Immune Cells"
"21",21,"SRR10777365","Immune Cells"
"22",22,"SRR10777375","Hepatocytes"
"23",23,"SRR10777380","Immune Cells"
"24",24,"SRR10777385","Epithelial"
"25",25,"SRR10777390","Immune Cells"
"26",26,"SRR10777415","Immune Cells"
"27",27,"SRR10777425","Hepatocytes"
"28",28,"SRR10777430","Fibroblasts"
"29",29,"SRR10777440","Epithelial"
"30",30,"SRR10777450","Epithelial"
"31",31,"SRR10777455","Epithelial"
"32",32,"SRR10777460","Immune Cells"
"33",33,"SRR10777465","Hepatocytes"
"34",34,"SRR10777475","Epithelial"
"35",35,"SRR10777480","Immune Cells"
"36",36,"SRR10777485","Immune Cells"
"37",37,"SRR10777490","Melanocytes"
"38",38,"SRR10777500","Endothelial"
"39",39,"SRR10777505","Immune Cells"
"40",40,"SRR10777510","Melanocytes"
"41",41,"SRR10777515","Epithelial"
"42",42,"SRR10777525","Epithelial"
"43",43,"SRR10777530","Immune Cells"
"44",44,"SRR10777535","Immune Cells"
"45",45,"SRR10777540","Immune Cells"
"46",46,"SRR10777545","Immune Cells"
"47",47,"SRR10777555","Immune Cells"
"48",48,"SRR10777570","Epithelial"
"49",49,"SRR10777580","Epithelial"
"50",50,"SRR10777585","Immune Cells"
"51",51,"SRR10777595","Immune Cells"
"52",52,"SRR10777605","Immune Cells"
"53",53,"SRR10777615","Immune Cells"
"54",54,"SRR10777640","Epithelial"
"55",55,"SRR10777650","Fibroblasts"
"56",56,"SRR10777655","Immune Cells"
"57",57,"SRR10777665","Epithelial"
"58",58,"SRR10777670","Immune Cells"
"59",59,"SRR10777675","Fibroblasts"
"60",60,"SRR10777680","Hepatocytes"
"61",61,"SRR10777685","Fibroblasts"
"62",62,"SRR10777700","Fibroblasts"
"63",63,"SRR10777710","Epithelial"
"64",64,"SRR10777715","Immune Cells"
"65",65,"SRR10777720","Fibroblasts"
"66",66,"SRR10777730","Endothelial"
"67",67,"SRR10777735","Epithelial"
"68",68,"SRR10777740","Endothelial"
"69",69,"SRR10777745","Immune Cells"
"70",70,"SRR10777760","Immune Cells"
"71",71,"SRR10777775","Epithelial"
"72",72,"SRR10777780","Immune Cells"
"73",73,"SRR10777785","Fibroblasts"
"74",74,"SRR10777790","Immune Cells"
"75",75,"SRR10777795","Immune Cells"
"76",76,"SRR10777815","Immune Cells"
"77",77,"SRR10777820","Epithelial"
"78",78,"SRR10777825","Immune Cells"
"79",79,"SRR10777830","Immune Cells"
"80",80,"SRR10777840","Immune Cells"
"81",81,"SRR10777845","Fibroblasts"
"82",82,"SRR10777850","Epithelial"
"83",83,"SRR10777855","Epithelial"
"84",84,"SRR10777860","Epithelial"
"85",85,"SRR10777865","Immune Cells"
"86",86,"SRR10777870","Endothelial"
"87",87,"SRR10777875","Immune Cells"
"88",88,"SRR10777885","Endothelial"
"89",89,"SRR10777900","Fibroblasts"
"90",90,"SRR10777905","Hepatocytes"
"91",91,"SRR10777920","Endothelial"
"92",92,"SRR10777925","Immune Cells"
"93",93,"SRR10777930","Epithelial"
"94",94,"SRR10777935","Immune Cells"
"95",95,"SRR10777940","Hepatocytes"
"96",96,"SRR10777955","Epithelial"
"97",97,"SRR10777960","Immune Cells"
"98",98,"SRR10777965","Melanocytes"
"99",99,"SRR10777975","Immune Cells"
"100",100,"SRR10777980","Melanocytes"
"101",101,"SRR10777985","Fibroblasts"
"102",102,"SRR10777990","Immune Cells"
"103",103,"SRR10777995","Epithelial"
"104",104,"SRR10778000","Immune Cells"
"105",105,"SRR10778015","Immune Cells"
"106",106,"SRR10778025","Fibroblasts"
"107",107,"SRR10778030","Endothelial"
"108",108,"SRR10778035","Immune Cells"
"109",109,"SRR10778050","Hepatocytes"
"110",110,"SRR10778055","Epithelial"
"111",111,"SRR10778065","Immune Cells"
"112",112,"SRR10778070","Hepatocytes"
"113",113,"SRR10778075","Fibroblasts"
"114",114,"SRR10778080","Immune Cells"
"115",115,"SRR10778085","Immune Cells"
"116",116,"SRR10778090","Endothelial"
"117",117,"SRR10778100","Fibroblasts"
"118",118,"SRR10778105","Endothelial"
"119",119,"SRR10778115","Immune Cells"
"120",120,"SRR10778120","Endothelial"
"121",121,"SRR10778125","Epithelial"
"122",122,"SRR10778130","Epithelial"
"123",123,"SRR10778145","Immune Cells"
"124",124,"SRR10778150","Endothelial"
"125",125,"SRR10778160","Fibroblasts"
"126",126,"SRR10778170","Hepatocytes"
"127",127,"SRR10778175","Epithelial"
"128",128,"SRR10778185","Epithelial"
"129",129,"SRR10778195","Fibroblasts"
"130",130,"SRR10778200","Immune Cells"
"131",131,"SRR10778210","Fibroblasts"
"132",132,"SRR10778215","Immune Cells"
"133",133,"SRR10778225","Immune Cells"
"134",134,"SRR10778230","Immune Cells"
"135",135,"SRR10778240","Epithelial"
"136",136,"SRR10778245","Epithelial"
"137",137,"SRR10778250","Hepatocytes"
"138",138,"SRR10778260","Immune Cells"
"139",139,"SRR10778265","Hepatocytes"
"140",140,"SRR10778270","Hepatocytes"
"141",141,"SRR10778285","Hepatocytes"
"142",142,"SRR10778305","Immune Cells"
"143",143,"SRR10778310","Epithelial"
"144",144,"SRR10778315","Endothelial"
"145",145,"SRR10778320","Immune Cells"
"146",146,"SRR10778325","Fibroblasts"
"147",147,"SRR10778330","Hepatocytes"
"148",148,"SRR10778340","Immune Cells"
"149",149,"SRR10778355","Epithelial"
"150",150,"SRR10778360","Epithelial"
"151",151,"SRR10778365","Fibroblasts"
"152",152,"SRR10778370","Melanocytes"
"153",153,"SRR10778390","Epithelial"
"154",154,"SRR10778395","Endothelial"
"155",155,"SRR10778400","Epithelial"
"156",156,"SRR10778405","Fibroblasts"
"157",157,"SRR10778420","Epithelial"
"158",158,"SRR10778425","Immune Cells"
"159",159,"SRR10778435","Immune Cells"
"160",160,"SRR10778445","Immune Cells"
"161",161,"SRR10778450","Hepatocytes"
"162",162,"SRR10778455","Endothelial"
"163",163,"SRR10778465","Hepatocytes"
"164",164,"SRR10778470","Immune Cells"
"165",165,"SRR10778485","Immune Cells"
"166",166,"SRR10778495","Endothelial"
"167",167,"SRR10778505","Epithelial"
"168",168,"SRR10778510","Immune Cells"
"169",169,"SRR10778515","Epithelial"
"170",170,"SRR10778520","Immune Cells"
"171",171,"SRR10778525","Fibroblasts"
"172",172,"SRR10778530","Immune Cells"
"173",173,"SRR10778535","Immune Cells"
"174",174,"SRR10778540","Endothelial"
"175",175,"SRR10778550","Immune Cells"
"176",176,"SRR10778565","Immune Cells"
"177",177,"SRR10778570","Hepatocytes"
"178",178,"SRR10778580","Melanocytes"
"179",179,"SRR10778585","Immune Cells"
"180",180,"SRR10778590","Melanocytes"
"181",181,"SRR10778595","Immune Cells"
"182",182,"SRR10778600","Epithelial"
"183",183,"SRR10778605","Immune Cells"
"184",184,"SRR10778615","Epithelial"
"185",185,"SRR10778620","Immune Cells"
"186",186,"SRR10778625","Epithelial"
"187",187,"SRR10778650","Epithelial"
"188",188,"SRR10778655","Immune Cells"
"189",189,"SRR10778660","Immune Cells"
"190",190,"SRR10778665","Fibroblasts"
"191",191,"SRR10778670","Fibroblasts"
"192",192,"SRR10778675","Endothelial"
"193",193,"SRR10778680","Epithelial"
"194",194,"SRR10778695","Epithelial"
"195",195,"SRR10778700","Immune Cells"
"196",196,"SRR10778715","Epithelial"
"197",197,"SRR10778720","Immune Cells"
"198",198,"SRR10778730","Epithelial"
"199",199,"SRR10778735","Epithelial"
"200",200,"SRR10778755","Epithelial"
"201",201,"SRR10778760","Immune Cells"
"202",202,"SRR10778770","Immune Cells"
"203",203,"SRR10778775","Immune Cells"
"204",204,"SRR10778780","Endothelial"
"205",205,"SRR10778795","Epithelial"
"206",206,"SRR10778800","Epithelial"
"207",207,"SRR10778820","Melanocytes"
"208",208,"SRR10778825","Immune Cells"
"209",209,"SRR10778830","Immune Cells"
"210",210,"SRR10778850","Hepatocytes"
"211",211,"SRR10778855","Fibroblasts"
"212",212,"SRR10778865","Immune Cells"
"213",213,"SRR10778870","Epithelial"
"214",214,"SRR10778875","Fibroblasts"
"215",215,"SRR10778880","Immune Cells"
"216",216,"SRR10778890","Immune Cells"
"217",217,"SRR10778895","Immune Cells"
"218",218,"SRR10778900","Epithelial"
"219",219,"SRR10778905","Immune Cells"
"220",220,"SRR10778910","Immune Cells"
"221",221,"SRR10778915","Immune Cells"
"222",222,"SRR10778925","Fibroblasts"
"223",223,"SRR10778930","Endothelial"
"224",224,"SRR10778935","Epithelial"
"225",225,"SRR10778940","Epithelial"
"226",226,"SRR10778945","Immune Cells"
"227",227,"SRR10778950","Endothelial"
"228",228,"SRR10778955","Immune Cells"
"229",229,"SRR10778960","Fibroblasts"
"230",230,"SRR10778970","Epithelial"
"231",231,"SRR10778980","Hepatocytes"
"232",232,"SRR10778995","Immune Cells"
"233",233,"SRR10779000","Melanocytes"
"234",234,"SRR10779005","Epithelial"
"235",235,"SRR10779010","Immune Cells"
"236",236,"SRR10779015","Hepatocytes"
"237",237,"SRR10779025","Fibroblasts"
"238",238,"SRR10779035","Endothelial"
"239",239,"SRR10779040","Endothelial"
"240",240,"SRR10779045","Immune Cells"
"241",241,"SRR10779050","Immune Cells"
"242",242,"SRR10779065","Epithelial"
"243",243,"SRR10779070","Endothelial"
"244",244,"SRR10779090","Hepatocytes"
"245",245,"SRR10779095","Epithelial"
"246",246,"SRR10779115","Fibroblasts"
"247",247,"SRR10779120","Epithelial"
"248",248,"SRR10779125","Epithelial"
"249",249,"SRR10779130","Fibroblasts"
"250",250,"SRR10779145","Immune Cells"
"251",251,"SRR10779150","Hepatocytes"
"252",252,"SRR10779155","Epithelial"
"253",253,"SRR10779175","Endothelial"
"254",254,"SRR10779185","Epithelial"
"255",255,"SRR10779190","Fibroblasts"
"256",256,"SRR10779195","Epithelial"
"257",257,"SRR10779200","Endothelial"
"258",258,"SRR10779205","Immune Cells"
"259",259,"SRR10779210","Immune Cells"
"260",260,"SRR10779215","Epithelial"
"261",261,"SRR10779225","Endothelial"
"262",262,"SRR10779240","Epithelial"
"263",263,"SRR10779245","Epithelial"
"264",264,"SRR10779250","Fibroblasts"
"265",265,"SRR10779255","Endothelial"
"266",266,"SRR10779270","Immune Cells"
"267",267,"SRR10779275","Fibroblasts"
"268",268,"SRR10779285","Fibroblasts"
"269",269,"SRR10779300","Epithelial"
"270",270,"SRR10779305","Fibroblasts"
"271",271,"SRR10779340","Endothelial"
"272",272,"SRR10779350","Immune Cells"
"273",273,"SRR10779365","Immune Cells"
"274",274,"SRR10779370","Epithelial"
"275",275,"SRR10779385","Endothelial"
"276",276,"SRR10779390","Endothelial"
"277",277,"SRR10779405","Endothelial"
"278",278,"SRR10779410","Hepatocytes"
"279",279,"SRR10779425","Hepatocytes"
"280",280,"SRR10779430","Endothelial"
"281",281,"SRR10779440","Epithelial"
"282",282,"SRR10779445","Immune Cells"
"283",283,"SRR10779450","Epithelial"
"284",284,"SRR10779455","Fibroblasts"
"285",285,"SRR10779465","Immune Cells"
"286",286,"SRR10779485","Epithelial"
"287",287,"SRR10779490","Epithelial"
"288",288,"SRR10779500","Endothelial"
"289",289,"SRR10779510","Immune Cells"
"290",290,"SRR10779515","Fibroblasts"
"291",291,"SRR10779540","Immune Cells"
"292",292,"SRR10779545","Epithelial"
"293",293,"SRR10779555","Epithelial"
"294",294,"SRR10779560","Immune Cells"
"295",295,"SRR10779565","Melanocytes"
"296",296,"SRR10779570","Fibroblasts"
"297",297,"SRR10779580","Fibroblasts"
"298",298,"SRR10779595","Epithelial"
"299",299,"SRR10779600","Immune Cells"
"300",300,"SRR10779605","Fibroblasts"
"301",301,"SRR10779615","Immune Cells"
"302",302,"SRR10779625","Fibroblasts"
"303",303,"SRR10779630","Endothelial"
"304",304,"SRR10779640","Immune Cells"
"305",305,"SRR10779650","Epithelial"
"306",306,"SRR10779655","Endothelial"
"307",307,"SRR10779665","Immune Cells"
"308",308,"SRR10779670","Immune Cells"
"309",309,"SRR10779675","Fibroblasts"
"310",310,"SRR10779680","Epithelial"
"311",311,"SRR10779685","Hepatocytes"
"312",312,"SRR10779700","Endothelial"
"313",313,"SRR10779715","Epithelial"
"314",314,"SRR10779720","Epithelial"
"315",315,"SRR10779730","Immune Cells"
"316",316,"SRR10779735","Endothelial"
"317",317,"SRR10779745","Hepatocytes"
"318",318,"SRR10779750","Epithelial"
"319",319,"SRR10779755","Immune Cells"
"320",320,"SRR10779765","Immune Cells"
"321",321,"SRR10779770","Immune Cells"
"322",322,"SRR10779785","Immune Cells"
"323",323,"SRR10779790","Hepatocytes"
"324",324,"SRR10779795","Fibroblasts"
"325",325,"SRR10779800","Immune Cells"
"326",326,"SRR10779805","Immune Cells"
"327",327,"SRR10779810","Epithelial"
"328",328,"SRR10779815","Immune Cells"
"329",329,"SRR10779820","Epithelial"
"330",330,"SRR10779825","Endothelial"
"331",331,"SRR10779835","Endothelial"
"332",332,"SRR10779840","Melanocytes"
"333",333,"SRR10779850","Epithelial"
"334",334,"SRR10779855","Epithelial"
"335",335,"SRR10779860","Hepatocytes"
"336",336,"SRR10779865","Hepatocytes"
"337",337,"SRR10779895","Immune Cells"
"338",338,"SRR10779905","Fibroblasts"
"339",339,"SRR10779910","Epithelial"
"340",340,"SRR10779915","Immune Cells"
"341",341,"SRR10779920","Immune Cells"
"342",342,"SRR10779925","Fibroblasts"
"343",343,"SRR10779935","Hepatocytes"
"344",344,"SRR10779940","Immune Cells"
"345",345,"SRR10779945","Epithelial"
"346",346,"SRR10779950","Immune Cells"
"347",347,"SRR10779955","Fibroblasts"
"348",348,"SRR10779960","Epithelial"
"349",349,"SRR10779970","Epithelial"
"350",350,"SRR10779975","Melanocytes"
"351",351,"SRR10779980","Immune Cells"
"352",352,"SRR10779985","Endothelial"
"353",353,"SRR10779990","Epithelial"
"354",354,"SRR10780000","Hepatocytes"
"355",355,"SRR10780005","Fibroblasts"
"356",356,"SRR10780010","Immune Cells"
"357",357,"SRR10780015","Immune Cells"
"358",358,"SRR10780025","Immune Cells"
"359",359,"SRR10780030","Fibroblasts"
"360",360,"SRR10780035","Immune Cells"
"361",361,"SRR10780045","Hepatocytes"
"362",362,"SRR10780050","Endothelial"
"363",363,"SRR10780060","Immune Cells"
"364",364,"SRR10780065","Epithelial"
"365",365,"SRR10780070","Endothelial"
"366",366,"SRR10780075","Immune Cells"
"367",367,"SRR10780080","Immune Cells"
"368",368,"SRR10780095","Epithelial"
"369",369,"SRR10780110","Immune Cells"
"370",370,"SRR10780115","Endothelial"
"371",371,"SRR10780120","Fibroblasts"
"372",372,"SRR10780125","Epithelial"
"373",373,"SRR10780130","Immune Cells"
"374",374,"SRR10780135","Epithelial"
"375",375,"SRR10780145","Melanocytes"
"376",376,"SRR10780155","Hepatocytes"
"377",377,"SRR10780165","Immune Cells"
"378",378,"SRR10780175","Immune Cells"
"379",379,"SRR10780185","Epithelial"
"380",380,"SRR10780190","Epithelial"
"381",381,"SRR10780195","Endothelial"
"382",382,"SRR10780200","Immune Cells"
"383",383,"SRR10780210","Hepatocytes"
"384",384,"SRR10780230","Immune Cells"
"385",385,"SRR10780240","Immune Cells"
"386",386,"SRR10780245","Epithelial"
"387",387,"SRR10780250","Epithelial"
"388",388,"SRR10780260","Immune Cells"
"389",389,"SRR10780265","Hepatocytes"
"390",390,"SRR10780275","Immune Cells"
"391",391,"SRR10780280","Epithelial"
"392",392,"SRR10780305","Epithelial"
"393",393,"SRR10780315","Fibroblasts"
"394",394,"SRR10780320","Immune Cells"
"395",395,"SRR10780335","Endothelial"
"396",396,"SRR10780345","Epithelial"
"397",397,"SRR10780365","Immune Cells"
"398",398,"SRR10780380","Immune Cells"
"399",399,"SRR10780395","Epithelial"
"400",400,"SRR10780410","Hepatocytes"
"401",401,"SRR10780440","Epithelial"
"402",402,"SRR10780460","Hepatocytes"
"403",403,"SRR10780470","Epithelial"
"404",404,"SRR10780485","Epithelial"
"405",405,"SRR10780495","Hepatocytes"
"406",406,"SRR10780505","Fibroblasts"
"407",407,"SRR10780515","Fibroblasts"
"408",408,"SRR10780520","Endothelial"
"409",409,"SRR10780525","Immune Cells"
"410",410,"SRR10780530","Melanocytes"
"411",411,"SRR10780535","Immune Cells"
"412",412,"SRR10780545","Endothelial"
"413",413,"SRR10780555","Immune Cells"
"414",414,"SRR10780560","Immune Cells"
"415",415,"SRR10780570","Endothelial"
"416",416,"SRR10780580","Hepatocytes"
"417",417,"SRR10780590","Immune Cells"
"418",418,"SRR10780610","Epithelial"
"419",419,"SRR10780615","Epithelial"
"420",420,"SRR10780625","Endothelial"
"421",421,"SRR10780630","Melanocytes"
"422",422,"SRR10780635","Immune Cells"
"423",423,"SRR10780655","Epithelial"
"424",424,"SRR10780665","Epithelial"
"425",425,"SRR10780670","Immune Cells"
"426",426,"SRR10780675","Endothelial"
"427",427,"SRR10780680","Epithelial"
"428",428,"SRR10780685","Fibroblasts"
"429",429,"SRR10780705","Melanocytes"
"430",430,"SRR10780710","Epithelial"
"431",431,"SRR10780715","Immune Cells"
"432",432,"SRR10780725","Melanocytes"
"433",433,"SRR10780730","Immune Cells"
"434",434,"SRR10780735","Immune Cells"
"435",435,"SRR10780740","Fibroblasts"
"436",436,"SRR10780745","Epithelial"
"437",437,"SRR10780755","Immune Cells"
"438",438,"SRR10780765","Epithelial"
"439",439,"SRR10780770","Epithelial"
"440",440,"SRR10780775","Endothelial"
"441",441,"SRR10780785","Fibroblasts"
"442",442,"SRR10780790","Hepatocytes"
"443",443,"SRR10780800","Immune Cells"
"444",444,"SRR10780825","Epithelial"
"445",445,"SRR10780830","Fibroblasts"
"446",446,"SRR10780845","Epithelial"
"447",447,"SRR10780850","Immune Cells"
"448",448,"SRR10780860","Immune Cells"
"449",449,"SRR10780865","Epithelial"
"450",450,"SRR10780880","Hepatocytes"
"451",451,"SRR10780900","Immune Cells"
"452",452,"SRR10780905","Immune Cells"
"453",453,"SRR10780910","Immune Cells"
"454",454,"SRR10780915","Endothelial"
"455",455,"SRR10780920","Immune Cells"
"456",456,"SRR10780930","Epithelial"
"457",457,"SRR10780935","Fibroblasts"
"458",458,"SRR10780940","Epithelial"
"459",459,"SRR10780945","Endothelial"
"460",460,"SRR10780950","Epithelial"
"461",461,"SRR10780955","Epithelial"
"462",462,"SRR10780960","Immune Cells"
"463",463,"SRR10780965","Immune Cells"
"464",464,"SRR10780985","Immune Cells"
"465",465,"SRR10780990","Immune Cells"
"466",466,"SRR10781000","Immune Cells"
"467",467,"SRR10781010","Hepatocytes"
"468",468,"SRR10781015","Fibroblasts"
"469",469,"SRR10781025","Epithelial"
"470",470,"SRR10781030","Immune Cells"
"471",471,"SRR10781035","Fibroblasts"
"472",472,"SRR10781040","Immune Cells"
"473",473,"SRR10781045","Immune Cells"
"474",474,"SRR10781055","Immune Cells"
"475",475,"SRR10781065","Hepatocytes"
"476",476,"SRR10781070","Melanocytes"
"477",477,"SRR10781075","Endothelial"
"478",478,"SRR10781080","Fibroblasts"
"479",479,"SRR10781085","Fibroblasts"
"480",480,"SRR10781090","Endothelial"
"481",481,"SRR10781100","Endothelial"
"482",482,"SRR10781105","Hepatocytes"
"483",483,"SRR10781115","Hepatocytes"
"484",484,"SRR10781125","Melanocytes"
"485",485,"SRR10781135","Fibroblasts"
"486",486,"SRR10781140","Fibroblasts"
"487",487,"SRR10781145","Immune Cells"
"488",488,"SRR10781150","Immune Cells"
"489",489,"SRR10781155","Epithelial"
"490",490,"SRR10781160","Melanocytes"
"491",491,"SRR10781165","Melanocytes"
"492",492,"SRR10781170","Fibroblasts"
"493",493,"SRR10781185","Hepatocytes"
"494",494,"SRR10781195","Immune Cells"
"495",495,"SRR10781200","Hepatocytes"
"496",496,"SRR10781205","Fibroblasts"
"497",497,"SRR10781220","Epithelial"
"498",498,"SRR10781230","Hepatocytes"
"499",499,"SRR10781235","Fibroblasts"
"500",500,"SRR10781245","Immune Cells"
"501",501,"SRR10781250","Fibroblasts"
"502",502,"SRR10781255","Endothelial"
"503",503,"SRR10781270","Melanocytes"
"504",504,"SRR10781275","Hepatocytes"
"505",505,"SRR10781280","Endothelial"
"506",506,"SRR10781285","Fibroblasts"
"507",507,"SRR10781295","Epithelial"
"508",508,"SRR10781310","Immune Cells"
"509",509,"SRR10781315","Endothelial"
"510",510,"SRR10781320","Melanocytes"
"511",511,"SRR10781325","Endothelial"
"512",512,"SRR10781330","Epithelial"
"513",513,"SRR10781335","Epithelial"
"514",514,"SRR10781340","Melanocytes"
"515",515,"SRR10781345","Melanocytes"
"516",516,"SRR10781350","Fibroblasts"
"517",517,"SRR10781355","Immune Cells"
"518",518,"SRR10781365","Fibroblasts"
"519",519,"SRR10781370","Endothelial"
"520",520,"SRR10781375","Epithelial"
"521",521,"SRR10781390","Immune Cells"
"522",522,"SRR10781410","Epithelial"
"523",523,"SRR10781415","Melanocytes"
"524",524,"SRR10781420","Endothelial"
"525",525,"SRR10781425","Immune Cells"
"526",526,"SRR10781440","Hepatocytes"
"527",527,"SRR10781460","Immune Cells"
"528",528,"SRR10781465","Endothelial"
"529",529,"SRR10781470","Immune Cells"
"530",530,"SRR10781485","Melanocytes"
"531",531,"SRR10781495","Immune Cells"
"532",532,"SRR10781500","Hepatocytes"
"533",533,"SRR10781515","Immune Cells"
"534",534,"SRR10781525","Fibroblasts"
"535",535,"SRR10781530","Epithelial"
"536",536,"SRR10781535","Immune Cells"
"537",537,"SRR10781540","Melanocytes"
"538",538,"SRR10781565","Epithelial"
"539",539,"SRR10781575","Immune Cells"
"540",540,"SRR10781590","Fibroblasts"
"541",541,"SRR10781595","Immune Cells"
"542",542,"SRR10781600","Fibroblasts"
"543",543,"SRR10781605","Endothelial"
"544",544,"SRR10781615","Fibroblasts"
"545",545,"SRR10781620","Fibroblasts"
"546",546,"SRR10781625","Fibroblasts"
"547",547,"SRR10781635","Immune Cells"
"548",548,"SRR10781640","Immune Cells"
"549",549,"SRR10781655","Immune Cells"
"550",550,"SRR10781660","Immune Cells"
"551",551,"SRR10781665","Epithelial"
"552",552,"SRR10781670","Fibroblasts"
"553",553,"SRR10781695","Hepatocytes"
"554",554,"SRR10781705","Endothelial"
"555",555,"SRR10781715","Melanocytes"
"556",556,"SRR10781720","Epithelial"
"557",557,"SRR10781725","Epithelial"
"558",558,"SRR10781730","Endothelial"
"559",559,"SRR10781740","Immune Cells"
"560",560,"SRR10781745","Fibroblasts"
"561",561,"SRR10781750","Fibroblasts"
"562",562,"SRR10781760","Fibroblasts"
"563",563,"SRR10781765","Epithelial"
"564",564,"SRR10781775","Fibroblasts"
"565",565,"SRR10781780","Epithelial"
"566",566,"SRR10781785","Epithelial"
"567",567,"SRR10781790","Hepatocytes"
"568",568,"SRR10781800","Melanocytes"
"569",569,"SRR10781810","Fibroblasts"
"570",570,"SRR10781815","Hepatocytes"
"571",571,"SRR10781830","Immune Cells"
"572",572,"SRR10781840","Immune Cells"
"573",573,"SRR10781845","Hepatocytes"
"574",574,"SRR10781865","Fibroblasts"
"575",575,"SRR10781885","Endothelial"
"576",576,"SRR10781900","Epithelial"
"577",577,"SRR10781910","Endothelial"
"578",578,"SRR10781920","Epithelial"
"579",579,"SRR10781930","Endothelial"
"580",580,"SRR10781935","Immune Cells"
"581",581,"SRR10781940","Epithelial"
"582",582,"SRR10781945","Epithelial"
"583",583,"SRR10781950","Immune Cells"
"584",584,"SRR10781965","Epithelial"
"585",585,"SRR10781970","Endothelial"
"586",586,"SRR10781975","Immune Cells"
"587",587,"SRR10781980","Hepatocytes"
"588",588,"SRR10781990","Endothelial"
"589",589,"SRR10782000","Epithelial"
"590",590,"SRR10782005","Immune Cells"
"591",591,"SRR10782020","Epithelial"
"592",592,"SRR10782025","Fibroblasts"
"593",593,"SRR10782030","Immune Cells"
"594",594,"SRR10782035","Immune Cells"
"595",595,"SRR10782040","Immune Cells"
"596",596,"SRR10782055","Endothelial"
"597",597,"SRR10782060","Melanocytes"
"598",598,"SRR10782065","Epithelial"
"599",599,"SRR10782075","Epithelial"
"600",600,"SRR10782080","Hepatocytes"
"601",601,"SRR10782085","Immune Cells"
"602",602,"SRR10782100","Hepatocytes"
"603",603,"SRR10782115","Hepatocytes"
"604",604,"SRR10782125","Immune Cells"
"605",605,"SRR10782130","Epithelial"
"606",606,"SRR10782140","Epithelial"
"607",607,"SRR10782150","Endothelial"
"608",608,"SRR10782155","Endothelial"
"609",609,"SRR10782160","Endothelial"
"610",610,"SRR10782165","Epithelial"
"611",611,"SRR10782175","Immune Cells"
"612",612,"SRR10782180","Endothelial"
"613",613,"SRR10782190","Immune Cells"
"614",614,"SRR10782200","Epithelial"
"615",615,"SRR10782210","Immune Cells"
"616",616,"SRR10782225","Endothelial"
"617",617,"SRR10782230","Immune Cells"
"618",618,"SRR10782240","Epithelial"
"619",619,"SRR10782255","Epithelial"
"620",620,"SRR10782265","Epithelial"
"621",621,"SRR10782270","Immune Cells"
"622",622,"SRR10782275","Hepatocytes"
"623",623,"SRR10782280","Immune Cells"
"624",624,"SRR10782290","Immune Cells"
"625",625,"SRR10782295","Immune Cells"
"626",626,"SRR10782310","Immune Cells"
"627",627,"SRR10782315","Epithelial"
"628",628,"SRR10782330","Epithelial"
"629",629,"SRR10782335","Immune Cells"
"630",630,"SRR10782340","Fibroblasts"
"631",631,"SRR10782345","Immune Cells"
"632",632,"SRR10782350","Endothelial"
"633",633,"SRR10782355","Immune Cells"
"634",634,"SRR10782365","Hepatocytes"
"635",635,"SRR10782370","Epithelial"
"636",636,"SRR10782375","Epithelial"
"637",637,"SRR10782385","Immune Cells"
"638",638,"SRR10782395","Epithelial"
"639",639,"SRR10782400","Epithelial"
"640",640,"SRR10782410","Immune Cells"
"641",641,"SRR10782420","Immune Cells"
"642",642,"SRR10782425","Immune Cells"
"643",643,"SRR10782430","Immune Cells"
"644",644,"SRR10782435","Melanocytes"
"645",645,"SRR10782440","Epithelial"
"646",646,"SRR10782445","Immune Cells"
"647",647,"SRR10782450","Fibroblasts"
"648",648,"SRR10782455","Epithelial"
"649",649,"SRR10782460","Immune Cells"
"650",650,"SRR10782465","Fibroblasts"
"651",651,"SRR10782470","Immune Cells"
"652",652,"SRR10782475","Immune Cells"
"653",653,"SRR10782480","Fibroblasts"
"654",654,"SRR10782485","Melanocytes"
"655",655,"SRR10782495","Melanocytes"
"656",656,"SRR10782505","Epithelial"
"657",657,"SRR10782510","Epithelial"
"658",658,"SRR10782515","Endothelial"
"659",659,"SRR10782520","Endothelial"
"660",660,"SRR10782525","Endothelial"
"661",661,"SRR10782555","Immune Cells"
"662",662,"SRR10782565","Epithelial"
"663",663,"SRR10782575","Fibroblasts"
"664",664,"SRR10782585","Epithelial"
"665",665,"SRR10782595","Immune Cells"
"666",666,"SRR10782600","Fibroblasts"
"667",667,"SRR10782605","Immune Cells"
"668",668,"SRR10782610","Immune Cells"
"669",669,"SRR10782615","Endothelial"
"670",670,"SRR10782625","Hepatocytes"
"671",671,"SRR10782630","Hepatocytes"
"672",672,"SRR10782645","Melanocytes"
"673",673,"SRR10782650","Immune Cells"
"674",674,"SRR10782655","Epithelial"
"675",675,"SRR10782660","Melanocytes"
"676",676,"SRR10782670","Immune Cells"
"677",677,"SRR10782680","Fibroblasts"
"678",678,"SRR10782690","Hepatocytes"
"679",679,"SRR10782695","Immune Cells"
"680",680,"SRR10782700","Epithelial"
"681",681,"SRR10782715","Immune Cells"
"682",682,"SRR10782720","Epithelial"
"683",683,"SRR10782750","Epithelial"
"684",684,"SRR10782755","Immune Cells"
"685",685,"SRR10782760","Immune Cells"
"686",686,"SRR10782780","Immune Cells"
"687",687,"SRR10782785","Epithelial"
"688",688,"SRR10782805","Immune Cells"
"689",689,"SRR10782810","Fibroblasts"
"690",690,"SRR10782820","Hepatocytes"
"691",691,"SRR10782830","Fibroblasts"
"692",692,"SRR10782835","Immune Cells"
"693",693,"SRR10782840","Endothelial"
"694",694,"SRR10782850","Epithelial"
"695",695,"SRR10782860","Fibroblasts"
"696",696,"SRR10782870","Fibroblasts"
"697",697,"SRR10782895","Immune Cells"
"698",698,"SRR10782900","Melanocytes"
"699",699,"SRR10782905","Endothelial"
"700",700,"SRR10782910","Endothelial"
"701",701,"SRR10782915","Immune Cells"
"702",702,"SRR10782930","Fibroblasts"
"703",703,"SRR10782935","Epithelial"
"704",704,"SRR10782965","Epithelial"
"705",705,"SRR10782970","Immune Cells"
"706",706,"SRR10782985","Immune Cells"
"707",707,"SRR10782990","Immune Cells"
"708",708,"SRR10782995","Fibroblasts"
"709",709,"SRR10783010","Melanocytes"
"710",710,"SRR10783015","Epithelial"
"711",711,"SRR10783035","Hepatocytes"
"712",712,"SRR10783045","Epithelial"
"713",713,"SRR10783065","Immune Cells"
"714",714,"SRR10783075","Epithelial"
"715",715,"SRR10783080","Epithelial"
"716",716,"SRR10783095","Epithelial"
"717",717,"SRR10783100","Epithelial"
"718",718,"SRR10783105","Epithelial"
"719",719,"SRR10783120","Immune Cells"
"720",720,"SRR10783125","Endothelial"
"721",721,"SRR10783130","Immune Cells"
"722",722,"SRR10783135","Epithelial"
"723",723,"SRR10783145","Immune Cells"
"724",724,"SRR10783155","Immune Cells"
"725",725,"SRR10783165","Hepatocytes"
"726",726,"SRR10783170","Immune Cells"
"727",727,"SRR10783175","Endothelial"
"728",728,"SRR10783180","Immune Cells"
"729",729,"SRR10783190","Melanocytes"
"730",730,"SRR10783220","Immune Cells"
"731",731,"SRR10783225","Epithelial"
"732",732,"SRR10783230","Epithelial"
"733",733,"SRR10783235","Hepatocytes"
"734",734,"SRR10783240","Endothelial"
"735",735,"SRR10783245","Immune Cells"
"736",736,"SRR10783260","Immune Cells"
"737",737,"SRR10783275","Epithelial"
"738",738,"SRR10783280","Endothelial"
"739",739,"SRR10783285","Immune Cells"
"740",740,"SRR10783290","Epithelial"
"741",741,"SRR10783295","Epithelial"
"742",742,"SRR10783305","Fibroblasts"
"743",743,"SRR10783310","Melanocytes"
"744",744,"SRR10783320","Immune Cells"
"745",745,"SRR10783335","Epithelial"
"746",746,"SRR10783345","Hepatocytes"
"747",747,"SRR10783350","Immune Cells"
"748",748,"SRR10783355","Epithelial"
"749",749,"SRR10783360","Immune Cells"
"750",750,"SRR10783365","Immune Cells"
"751",751,"SRR10783375","Melanocytes"
"752",752,"SRR10783380","Epithelial"
"753",753,"SRR10783385","Endothelial"
"754",754,"SRR10783395","Immune Cells"
"755",755,"SRR10783405","Immune Cells"
"756",756,"SRR10783410","Hepatocytes"
"757",757,"SRR10783415","Immune Cells"
"758",758,"SRR10783420","Melanocytes"
"759",759,"SRR10783425","Epithelial"
"760",760,"SRR10783435","Endothelial"
"761",761,"SRR10783445","Epithelial"
"762",762,"SRR10783450","Immune Cells"
"763",763,"SRR10783455","Fibroblasts"
"764",764,"SRR10783465","Immune Cells"
"765",765,"SRR10783480","Immune Cells"
"766",766,"SRR10783485","Epithelial"
"767",767,"SRR10783490","Endothelial"
"768",768,"SRR10783495","Epithelial"
"769",769,"SRR10783500","Immune Cells"
"770",770,"SRR10783510","Epithelial"
"771",771,"SRR10783520","Fibroblasts"
"772",772,"SRR10783525","Immune Cells"
"773",773,"SRR10783530","Immune Cells"
"774",774,"SRR10783535","Epithelial"
"775",775,"SRR10783540","Immune Cells"
"776",776,"SRR10783545","Immune Cells"
"777",777,"SRR10783550","Epithelial"
"778",778,"SRR10783560","Immune Cells"
"779",779,"SRR10783565","Immune Cells"
"780",780,"SRR10783570","Epithelial"
"781",781,"SRR10783575","Hepatocytes"
"782",782,"SRR10783580","Immune Cells"
"783",783,"SRR10783585","Immune Cells"
"784",784,"SRR10783590","Fibroblasts"
"785",785,"SRR10783595","Immune Cells"
"786",786,"SRR10783605","Endothelial"
"787",787,"SRR10783620","Immune Cells"
"788",788,"SRR10783625","Hepatocytes"
"789",789,"SRR10783630","Epithelial"
"790",790,"SRR10783635","Hepatocytes"
"791",791,"SRR10783645","Melanocytes"
"792",792,"SRR10783650","Immune Cells"
"793",793,"SRR10783660","Immune Cells"
"794",794,"SRR10783665","Immune Cells"
"795",795,"SRR10783670","Epithelial"
"796",796,"SRR10783685","Fibroblasts"
"797",797,"SRR10783695","Fibroblasts"
"798",798,"SRR10783700","Fibroblasts"
"799",799,"SRR10783705","Immune Cells"
"800",800,"SRR10783715","Epithelial"
"801",801,"SRR10783720","Endothelial"
"802",802,"SRR10783735","Fibroblasts"
"803",803,"SRR10783750","Epithelial"
"804",804,"SRR10783765","Immune Cells"
"805",805,"SRR10783770","Hepatocytes"
"806",806,"SRR10783775","Immune Cells"
"807",807,"SRR10783780","Immune Cells"
"808",808,"SRR10783795","Immune Cells"
"809",809,"SRR10783800","Immune Cells"
"810",810,"SRR10783815","Endothelial"
"811",811,"SRR10783820","Fibroblasts"
"812",812,"SRR10783825","Fibroblasts"
"813",813,"SRR10783840","Fibroblasts"
"814",814,"SRR10783855","Hepatocytes"
"815",815,"SRR10783860","Epithelial"
"816",816,"SRR10783870","Endothelial"
"817",817,"SRR10783875","Melanocytes"
"818",818,"SRR10783890","Fibroblasts"
"819",819,"SRR10783905","Epithelial"
"820",820,"SRR10783910","Immune Cells"
"821",821,"SRR10783920","Epithelial"
"822",822,"SRR10783940","Endothelial"
"823",823,"SRR10783945","Immune Cells"
"824",824,"SRR10783965","Melanocytes"
"825",825,"SRR10783970","Immune Cells"
"826",826,"SRR10783975","Endothelial"
"827",827,"SRR10783985","Endothelial"
"828",828,"SRR10783990","Epithelial"
"829",829,"SRR10784000","Immune Cells"
"830",830,"SRR10784005","Immune Cells"
"831",831,"SRR10784015","Fibroblasts"
"832",832,"SRR10784045","Endothelial"
"833",833,"SRR10784050","Immune Cells"
"834",834,"SRR10784055","Epithelial"
"835",835,"SRR10784060","Epithelial"
"836",836,"SRR10784070","Immune Cells"
"837",837,"SRR10784075","Endothelial"
"838",838,"SRR10784080","Immune Cells"
"839",839,"SRR10784085","Epithelial"
"840",840,"SRR10784100","Fibroblasts"
"841",841,"SRR10784105","Immune Cells"
"842",842,"SRR10784115","Epithelial"
"843",843,"SRR10784120","Epithelial"
"844",844,"SRR10784125","Epithelial"
"845",845,"SRR10784130","Epithelial"
"846",846,"SRR10784140","Immune Cells"
"847",847,"SRR10784145","Immune Cells"
"848",848,"SRR10784155","Immune Cells"
"849",849,"SRR10784165","Hepatocytes"
"850",850,"SRR10784175","Epithelial"
"851",851,"SRR10784180","Hepatocytes"
"852",852,"SRR10784190","Endothelial"
"853",853,"SRR10784195","Immune Cells"
"854",854,"SRR10784200","Epithelial"
"855",855,"SRR10784210","Immune Cells"
"856",856,"SRR10784225","Immune Cells"
"857",857,"SRR10784240","Immune Cells"
"858",858,"SRR10784245","Immune Cells"
"859",859,"SRR10784250","Immune Cells"
"860",860,"SRR10784260","Fibroblasts"
"861",861,"SRR10784265","Immune Cells"
"862",862,"SRR10784270","Hepatocytes"
"863",863,"SRR10784275","Melanocytes"
"864",864,"SRR10784280","Fibroblasts"
"865",865,"SRR10784290","Hepatocytes"
"866",866,"SRR10784295","Epithelial"
"867",867,"SRR10784305","Immune Cells"
"868",868,"SRR10784310","Epithelial"
"869",869,"SRR10784315","Epithelial"
"870",870,"SRR10784320","Fibroblasts"
"871",871,"SRR10784325","Immune Cells"
"872",872,"SRR10784355","Epithelial"
"873",873,"SRR10784360","Endothelial"
"874",874,"SRR10784365","Epithelial"
"875",875,"SRR10784370","Immune Cells"
"876",876,"SRR10784375","Immune Cells"
"877",877,"SRR10784380","Epithelial"
"878",878,"SRR10784385","Epithelial"
"879",879,"SRR10784390","Hepatocytes"
"880",880,"SRR10784395","Immune Cells"
"881",881,"SRR10784400","Melanocytes"
"882",882,"SRR10784405","Endothelial"
"883",883,"SRR10784420","Immune Cells"
"884",884,"SRR10784425","Fibroblasts"
"885",885,"SRR10784430","Epithelial"
"886",886,"SRR10784440","Immune Cells"
"887",887,"SRR10784445","Immune Cells"
"888",888,"SRR10784450","Epithelial"
"889",889,"SRR10784455","Immune Cells"
"890",890,"SRR10784470","Melanocytes"
"891",891,"SRR10784475","Immune Cells"
"892",892,"SRR10784485","Epithelial"
"893",893,"SRR10784495","Endothelial"
"894",894,"SRR10784505","Hepatocytes"
"895",895,"SRR10784510","Fibroblasts"
"896",896,"SRR10784520","Fibroblasts"
"897",897,"SRR10784525","Epithelial"
"898",898,"SRR10784530","Epithelial"
"899",899,"SRR10784535","Melanocytes"
"900",900,"SRR10784540","Epithelial"
"901",901,"SRR10784545","Epithelial"
"902",902,"SRR10784560","Immune Cells"
"903",903,"SRR10784565","Immune Cells"
"904",904,"SRR10784570","Epithelial"
"905",905,"SRR10784575","Endothelial"
"906",906,"SRR10784585","Immune Cells"
"907",907,"SRR10784610","Hepatocytes"
"908",908,"SRR10784615","Epithelial"
"909",909,"SRR10784620","Hepatocytes"
"910",910,"SRR10784630","Immune Cells"
"911",911,"SRR10784635","Endothelial"
"912",912,"SRR10784645","Fibroblasts"
"913",913,"SRR10784650","Epithelial"
"914",914,"SRR10784655","Immune Cells"
"915",915,"SRR10784665","Epithelial"
"916",916,"SRR10784670","Immune Cells"
"917",917,"SRR10784680","Epithelial"
"918",918,"SRR10784685","Immune Cells"
"919",919,"SRR10784690","Hepatocytes"
"920",920,"SRR10784695","Fibroblasts"
"921",921,"SRR10784700","Immune Cells"
"922",922,"SRR10784705","Immune Cells"
"923",923,"SRR10784710","Immune Cells"
"924",924,"SRR10784715","Fibroblasts"
"925",925,"SRR10784720","Immune Cells"
"926",926,"SRR10784730","Epithelial"
"927",927,"SRR10784735","Immune Cells"
"928",928,"SRR10784745","Epithelial"
"929",929,"SRR10784750","Immune Cells"
"930",930,"SRR10784755","Melanocytes"
"931",931,"SRR10784765","Melanocytes"
"932",932,"SRR10784770","Epithelial"
"933",933,"SRR10784780","Hepatocytes"
"934",934,"SRR10784785","Epithelial"
"935",935,"SRR10784795","Epithelial"
"936",936,"SRR10784800","Immune Cells"
"937",937,"SRR10784815","Epithelial"
"938",938,"SRR10784830","Immune Cells"
"939",939,"SRR10784840","Fibroblasts"
"940",940,"SRR10784845","Immune Cells"
"941",941,"SRR10784865","Melanocytes"
"942",942,"SRR10784870","Epithelial"
"943",943,"SRR10784875","Epithelial"
"944",944,"SRR10784880","Immune Cells"
"945",945,"SRR10784890","Endothelial"
"946",946,"SRR10784900","Immune Cells"
"947",947,"SRR10784905","Fibroblasts"
"948",948,"SRR10784920","Epithelial"
"949",949,"SRR10784930","Immune Cells"
"950",950,"SRR10784945","Immune Cells"
"951",951,"SRR10784950","Endothelial"
"952",952,"SRR10784965","Epithelial"
"953",953,"SRR10784970","Endothelial"
"954",954,"SRR10784975","Immune Cells"
"955",955,"SRR10784980","Endothelial"
"956",956,"SRR10784985","Endothelial"
"957",957,"SRR10784990","Immune Cells"
"958",958,"SRR10784995","Immune Cells"
"959",959,"SRR10785005","Endothelial"
"960",960,"SRR10785010","Epithelial"
"961",961,"SRR10785045","Endothelial"
"962",962,"SRR10785050","Hepatocytes"
"963",963,"SRR10785070","Immune Cells"
"964",964,"SRR10785075","Hepatocytes"
"965",965,"SRR10785080","Epithelial"
"966",966,"SRR10785095","Endothelial"
"967",967,"SRR10785100","Melanocytes"
"968",968,"SRR10785105","Immune Cells"
"969",969,"SRR10785110","Immune Cells"
"970",970,"SRR10785115","Immune Cells"
"971",971,"SRR10785125","Epithelial"
"972",972,"SRR10785130","Immune Cells"
"973",973,"SRR10785135","Hepatocytes"
"974",974,"SRR10785140","Immune Cells"
"975",975,"SRR10785145","Endothelial"
"976",976,"SRR10785150","Hepatocytes"
"977",977,"SRR10785165","Epithelial"
"978",978,"SRR10785170","Melanocytes"
"979",979,"SRR10785175","Hepatocytes"
"980",980,"SRR10785190","Immune Cells"
"981",981,"SRR10785200","Endothelial"
"982",982,"SRR10785235","Hepatocytes"
"983",983,"SRR10785240","Endothelial"
"984",984,"SRR10785245","Immune Cells"
"985",985,"SRR10785250","Hepatocytes"
"986",986,"SRR10785255","Melanocytes"
"987",987,"SRR10785270","Endothelial"
"988",988,"SRR10785275","Immune Cells"
"989",989,"SRR10785285","Immune Cells"
"990",990,"SRR10785290","Immune Cells"
"991",991,"SRR10785295","Hepatocytes"
"992",992,"SRR10785305","Immune Cells"
"993",993,"SRR10785315","Epithelial"
"994",994,"SRR10785320","Epithelial"
"995",995,"SRR10785325","Immune Cells"
"996",996,"SRR10785330","Melanocytes"
"997",997,"SRR10785335","Immune Cells"
"998",998,"SRR10785340","Hepatocytes"
"999",999,"SRR10785360","Immune Cells"
"1000",1000,"SRR10785365","Hepatocytes"
"1001",1001,"SRR10785370","Fibroblasts"
"1002",1002,"SRR10785375","Immune Cells"
"1003",1003,"SRR10785390","Hepatocytes"
"1004",1004,"SRR10785395","Fibroblasts"
"1005",1005,"SRR10785400","Immune Cells"
"1006",1006,"SRR10785405","Endothelial"
"1007",1007,"SRR10785420","Endothelial"
"1008",1008,"SRR10785425","Hepatocytes"
"1009",1009,"SRR10785430","Immune Cells"
"1010",1010,"SRR10785435","Immune Cells"
"1011",1011,"SRR10785450","Epithelial"
"1012",1012,"SRR10785455","Hepatocytes"
"1013",1013,"SRR10785460","Melanocytes"
"1014",1014,"SRR10785465","Epithelial"
"1015",1015,"SRR10785490","Epithelial"
"1016",1016,"SRR10785500","Immune Cells"
"1017",1017,"SRR10785505","Immune Cells"
"1018",1018,"SRR10785515","Immune Cells"
"1019",1019,"SRR10785525","Epithelial"
"1020",1020,"SRR10785530","Epithelial"
"1021",1021,"SRR10785535","Melanocytes"
"1022",1022,"SRR10785545","Fibroblasts"
"1023",1023,"SRR10785555","Melanocytes"
"1024",1024,"SRR10785560","Endothelial"
"1025",1025,"SRR10785565","Endothelial"
"1026",1026,"SRR10785570","Immune Cells"
"1027",1027,"SRR10785585","Fibroblasts"
"1028",1028,"SRR10785595","Epithelial"
"1029",1029,"SRR10785610","Epithelial"
"1030",1030,"SRR10785615","Epithelial"
"1031",1031,"SRR10785620","Immune Cells"
"1032",1032,"SRR10785625","Fibroblasts"
"1033",1033,"SRR10785630","Epithelial"
"1034",1034,"SRR10785645","Immune Cells"
"1035",1035,"SRR10785660","Immune Cells"
"1036",1036,"SRR10785665","Immune Cells"
"1037",1037,"SRR10785675","Epithelial"
"1038",1038,"SRR10785680","Hepatocytes"
"1039",1039,"SRR10785685","Immune Cells"
"1040",1040,"SRR10785690","Epithelial"
"1041",1041,"SRR10785695","Endothelial"
"1042",1042,"SRR10785720","Endothelial"
"1043",1043,"SRR10785740","Epithelial"
"1044",1044,"SRR10785745","Melanocytes"
"1045",1045,"SRR10785755","Endothelial"
"1046",1046,"SRR10785760","Immune Cells"
"1047",1047,"SRR10785765","Epithelial"
"1048",1048,"SRR10785770","Immune Cells"
"1049",1049,"SRR10785785","Immune Cells"
"1050",1050,"SRR10785795","Endothelial"
"1051",1051,"SRR10785800","Epithelial"
"1052",1052,"SRR10785810","Endothelial"
"1053",1053,"SRR10785815","Endothelial"
"1054",1054,"SRR10785820","Immune Cells"
"1055",1055,"SRR10785825","Epithelial"
"1056",1056,"SRR10785835","Immune Cells"
"1057",1057,"SRR10785840","Endothelial"
"1058",1058,"SRR10785850","Epithelial"
"1059",1059,"SRR10785870","Immune Cells"
"1060",1060,"SRR10785875","Fibroblasts"
"1061",1061,"SRR10785890","Hepatocytes"
"1062",1062,"SRR10785895","Melanocytes"
"1063",1063,"SRR10785905","Epithelial"
"1064",1064,"SRR10785910","Epithelial"
"1065",1065,"SRR10785915","Hepatocytes"
"1066",1066,"SRR10785920","Fibroblasts"
"1067",1067,"SRR10785930","Epithelial"
"1068",1068,"SRR10785935","Endothelial"
"1069",1069,"SRR10785940","Endothelial"
"1070",1070,"SRR10785945","Immune Cells"
"1071",1071,"SRR10785950","Epithelial"
"1072",1072,"SRR10785955","Immune Cells"
"1073",1073,"SRR10785975","Immune Cells"
"1074",1074,"SRR10785985","Epithelial"
"1075",1075,"SRR10786000","Hepatocytes"
"1076",1076,"SRR10786010","Hepatocytes"
"1077",1077,"SRR10786015","Melanocytes"
"1078",1078,"SRR10786020","Epithelial"
"1079",1079,"SRR10786025","Endothelial"
"1080",1080,"SRR10786035","Melanocytes"
"1081",1081,"SRR10786040","Epithelial"
"1082",1082,"SRR10786045","Epithelial"
"1083",1083,"SRR10786050","Fibroblasts"
"1084",1084,"SRR10786060","Epithelial"
"1085",1085,"SRR10786065","Epithelial"
"1086",1086,"SRR10786070","Epithelial"
"1087",1087,"SRR10786075","Endothelial"
"1088",1088,"SRR10786085","Endothelial"
"1089",1089,"SRR10786090","Immune Cells"
"1090",1090,"SRR10786105","Immune Cells"
"1091",1091,"SRR10786110","Hepatocytes"
"1092",1092,"SRR10786125","Immune Cells"
"1093",1093,"SRR10786135","Immune Cells"
"1094",1094,"SRR10786140","Epithelial"
"1095",1095,"SRR10786145","Immune Cells"
"1096",1096,"SRR10786150","Melanocytes"
"1097",1097,"SRR10786160","Epithelial"
"1098",1098,"SRR10786165","Epithelial"
"1099",1099,"SRR10786170","Epithelial"
"1100",1100,"SRR10786175","Hepatocytes"
"1101",1101,"SRR10786185","Immune Cells"
"1102",1102,"SRR10786195","Immune Cells"
"1103",1103,"SRR10786215","Melanocytes"
"1104",1104,"SRR10786230","Endothelial"
"1105",1105,"SRR10786235","Immune Cells"
"1106",1106,"SRR10786240","Immune Cells"
"1107",1107,"SRR10786245","Endothelial"
"1108",1108,"SRR10786250","Immune Cells"
"1109",1109,"SRR10786255","Immune Cells"
"1110",1110,"SRR10786265","Epithelial"
"1111",1111,"SRR10786275","Hepatocytes"
"1112",1112,"SRR10786295","Immune Cells"
"1113",1113,"SRR10786305","Immune Cells"
"1114",1114,"SRR10786315","Immune Cells"
"1115",1115,"SRR10786320","Endothelial"
"1116",1116,"SRR10786325","Melanocytes"
"1117",1117,"SRR10786330","Fibroblasts"
"1118",1118,"SRR10786335","Fibroblasts"
"1119",1119,"SRR10786350","Epithelial"
"1120",1120,"SRR10786360","Epithelial"
"1121",1121,"SRR10786365","Immune Cells"
"1122",1122,"SRR10786370","Endothelial"
"1123",1123,"SRR10786375","Endothelial"
"1124",1124,"SRR10786380","Immune Cells"
"1125",1125,"SRR10786385","Immune Cells"
"1126",1126,"SRR10786390","Hepatocytes"
"1127",1127,"SRR10786405","Immune Cells"
"1128",1128,"SRR10786425","Immune Cells"
"1129",1129,"SRR10786430","Epithelial"
"1130",1130,"SRR10786435","Melanocytes"
"1131",1131,"SRR10786440","Immune Cells"
"1132",1132,"SRR10786445","Immune Cells"
"1133",1133,"SRR10786450","Hepatocytes"
"1134",1134,"SRR10786460","Melanocytes"
"1135",1135,"SRR10786465","Endothelial"
"1136",1136,"SRR10786470","Immune Cells"
"1137",1137,"SRR10786475","Epithelial"
"1138",1138,"SRR10786480","Hepatocytes"
"1139",1139,"SRR10786485","Immune Cells"
"1140",1140,"SRR10786490","Melanocytes"
"1141",1141,"SRR10786495","Hepatocytes"
"1142",1142,"SRR10786510","Immune Cells"
"1143",1143,"SRR10786515","Immune Cells"
"1144",1144,"SRR10786520","Hepatocytes"
"1145",1145,"SRR10786525","Endothelial"
"1146",1146,"SRR10786530","Immune Cells"
"1147",1147,"SRR10786545","Hepatocytes"
"1148",1148,"SRR10786555","Melanocytes"
"1149",1149,"SRR10786560","Immune Cells"
"1150",1150,"SRR10786565","Epithelial"
"1151",1151,"SRR10786570","Epithelial"
"1152",1152,"SRR10786575","Epithelial"
"1153",1153,"SRR10786580","Hepatocytes"
"1154",1154,"SRR10786585","Immune Cells"
"1155",1155,"SRR10786630","Endothelial"
"1156",1156,"SRR10786640","Immune Cells"
"1157",1157,"SRR10786645","Immune Cells"
"1158",1158,"SRR10786650","Fibroblasts"
"1159",1159,"SRR10786660","Hepatocytes"
"1160",1160,"SRR10786665","Epithelial"
"1161",1161,"SRR10786685","Epithelial"
"1162",1162,"SRR10786690","Epithelial"
"1163",1163,"SRR10786700","Endothelial"
"1164",1164,"SRR10786710","Fibroblasts"
"1165",1165,"SRR10786715","Fibroblasts"
"1166",1166,"SRR10786720","Epithelial"
"1167",1167,"SRR10786725","Immune Cells"
"1168",1168,"SRR10786740","Epithelial"
"1169",1169,"SRR10786745","Hepatocytes"
"1170",1170,"SRR10786755","Endothelial"
"1171",1171,"SRR10786770","Fibroblasts"
"1172",1172,"SRR10786775","Epithelial"
"1173",1173,"SRR10786780","Immune Cells"
"1174",1174,"SRR10786785","Epithelial"
"1175",1175,"SRR10786795","Immune Cells"
"1176",1176,"SRR10786800","Epithelial"
"1177",1177,"SRR10786820","Immune Cells"
"1178",1178,"SRR10786830","Epithelial"
"1179",1179,"SRR10786835","Fibroblasts"
"1180",1180,"SRR10786855","Immune Cells"
"1181",1181,"SRR10786860","Epithelial"
"1182",1182,"SRR10786880","Immune Cells"
"1183",1183,"SRR10786890","Immune Cells"
"1184",1184,"SRR10786895","Epithelial"
"1185",1185,"SRR10786910","Immune Cells"
"1186",1186,"SRR10786915","Epithelial"
"1187",1187,"SRR10786925","Immune Cells"
"1188",1188,"SRR10786930","Epithelial"
"1189",1189,"SRR10786940","Fibroblasts"
"1190",1190,"SRR10786945","Fibroblasts"
"1191",1191,"SRR10786955","Epithelial"
"1192",1192,"SRR10786970","Epithelial"
"1193",1193,"SRR10786975","Endothelial"
"1194",1194,"SRR10786990","Hepatocytes"
"1195",1195,"SRR10787000","Epithelial"
"1196",1196,"SRR10787005","Immune Cells"
"1197",1197,"SRR10787010","Immune Cells"
"1198",1198,"SRR10787020","Immune Cells"
"1199",1199,"SRR10787025","Epithelial"
"1200",1200,"SRR10787030","Epithelial"
"1201",1201,"SRR10787035","Fibroblasts"
"1202",1202,"SRR10787040","Endothelial"
"1203",1203,"SRR10787045","Immune Cells"
"1204",1204,"SRR10787050","Immune Cells"
"1205",1205,"SRR10787055","Fibroblasts"
"1206",1206,"SRR10787065","Epithelial"
"1207",1207,"SRR10787070","Immune Cells"
"1208",1208,"SRR10787080","Epithelial"
"1209",1209,"SRR10787085","Epithelial"
"1210",1210,"SRR10787090","Hepatocytes"
"1211",1211,"SRR10787095","Fibroblasts"
"1212",1212,"SRR10787110","Epithelial"
"1213",1213,"SRR10787125","Immune Cells"
"1214",1214,"SRR10787135","Immune Cells"
"1215",1215,"SRR10787150","Endothelial"
"1216",1216,"SRR10787155","Epithelial"
"1217",1217,"SRR10787160","Fibroblasts"
"1218",1218,"SRR10787165","Immune Cells"
"1219",1219,"SRR10787170","Hepatocytes"
"1220",1220,"SRR10787175","Immune Cells"
"1221",1221,"SRR10787180","Immune Cells"
"1222",1222,"SRR10787190","Epithelial"
"1223",1223,"SRR10787200","Endothelial"
"1224",1224,"SRR10787205","Immune Cells"
"1225",1225,"SRR10787210","Immune Cells"
"1226",1226,"SRR10787215","Endothelial"
"1227",1227,"SRR10787220","Endothelial"
"1228",1228,"SRR10787240","Epithelial"
"1229",1229,"SRR10787245","Epithelial"
"1230",1230,"SRR10787250","Immune Cells"
"1231",1231,"SRR10787255","Fibroblasts"
"1232",1232,"SRR10787260","Hepatocytes"
"1233",1233,"SRR10787285","Epithelial"
"1234",1234,"SRR10787300","Immune Cells"
"1235",1235,"SRR10787305","Fibroblasts"
"1236",1236,"SRR10787310","Immune Cells"
"1237",1237,"SRR10787315","Epithelial"
"1238",1238,"SRR10787335","Epithelial"
"1239",1239,"SRR10787345","Epithelial"
"1240",1240,"SRR10787350","Epithelial"
"1241",1241,"SRR10787355","Endothelial"
"1242",1242,"SRR10787360","Immune Cells"
"1243",1243,"SRR10787370","Epithelial"
"1244",1244,"SRR10787385","Immune Cells"
"1245",1245,"SRR10787390","Immune Cells"
"1246",1246,"SRR10787395","Immune Cells"
"1247",1247,"SRR10787400","Immune Cells"
"1248",1248,"SRR10787405","Epithelial"
"1249",1249,"SRR10787415","Epithelial"
"1250",1250,"SRR10787425","Fibroblasts"
"1251",1251,"SRR10787430","Endothelial"
"1252",1252,"SRR10787435","Immune Cells"
"1253",1253,"SRR10787440","Immune Cells"
"1254",1254,"SRR10787455","Immune Cells"
"1255",1255,"SRR10787460","Immune Cells"
"1256",1256,"SRR10787465","Endothelial"
"1257",1257,"SRR10787470","Immune Cells"
"1258",1258,"SRR10787485","Melanocytes"
"1259",1259,"SRR10787500","Immune Cells"
"1260",1260,"SRR10787505","Hepatocytes"
"1261",1261,"SRR10787510","Immune Cells"
"1262",1262,"SRR10787515","Immune Cells"
"1263",1263,"SRR10787520","Epithelial"
"1264",1264,"SRR10787525","Immune Cells"
"1265",1265,"SRR10787530","Epithelial"
"1266",1266,"SRR10787545","Immune Cells"
"1267",1267,"SRR10787550","Epithelial"
"1268",1268,"SRR10787555","Immune Cells"
"1269",1269,"SRR10787560","Endothelial"
"1270",1270,"SRR10787565","Hepatocytes"
"1271",1271,"SRR10787575","Immune Cells"
"1272",1272,"SRR10787580","Epithelial"
"1273",1273,"SRR10787585","Endothelial"
"1274",1274,"SRR10787600","Epithelial"
"1275",1275,"SRR10787605","Immune Cells"
"1276",1276,"SRR10787615","Immune Cells"
"1277",1277,"SRR10787620","Immune Cells"
"1278",1278,"SRR10787630","Fibroblasts"
"1279",1279,"SRR10787640","Hepatocytes"
"1280",1280,"SRR10787650","Immune Cells"
"1281",1281,"SRR10787675","Epithelial"
"1282",1282,"SRR10787685","Hepatocytes"
"1283",1283,"SRR10787690","Endothelial"
"1284",1284,"SRR10787695","Epithelial"
"1285",1285,"SRR10787700","Melanocytes"
"1286",1286,"SRR10787710","Fibroblasts"
"1287",1287,"SRR10787730","Epithelial"
"1288",1288,"SRR10787735","Hepatocytes"
"1289",1289,"SRR10787740","Hepatocytes"
"1290",1290,"SRR10787745","Epithelial"
"1291",1291,"SRR10787750","Immune Cells"
"1292",1292,"SRR10787755","Hepatocytes"
"1293",1293,"SRR10787760","Immune Cells"
"1294",1294,"SRR10787765","Immune Cells"
"1295",1295,"SRR10787770","Immune Cells"
"1296",1296,"SRR10787775","Immune Cells"
"1297",1297,"SRR10787780","Immune Cells"
"1298",1298,"SRR10787800","Hepatocytes"
"1299",1299,"SRR10787805","Immune Cells"
"1300",1300,"SRR10787810","Fibroblasts"
"1301",1301,"SRR10787815","Immune Cells"
"1302",1302,"SRR10787820","Immune Cells"
"1303",1303,"SRR10787830","Immune Cells"
"1304",1304,"SRR10787835","Immune Cells"
"1305",1305,"SRR10787840","Immune Cells"
"1306",1306,"SRR10787845","Epithelial"
"1307",1307,"SRR10787855","Epithelial"
"1308",1308,"SRR10787860","Endothelial"
"1309",1309,"SRR10787875","Epithelial"
"1310",1310,"SRR10787880","Immune Cells"
"1311",1311,"SRR10787885","Immune Cells"
"1312",1312,"SRR10787895","Hepatocytes"
"1313",1313,"SRR10787900","Immune Cells"
"1314",1314,"SRR10787905","Endothelial"
"1315",1315,"SRR10787925","Hepatocytes"
"1316",1316,"SRR10787940","Epithelial"
"1317",1317,"SRR10787945","Immune Cells"
"1318",1318,"SRR10787950","Immune Cells"
"1319",1319,"SRR10787970","Immune Cells"
"1320",1320,"SRR10787975","Epithelial"
"1321",1321,"SRR10787990","Epithelial"
"1322",1322,"SRR10788000","Immune Cells"
"1323",1323,"SRR10788005","Immune Cells"
"1324",1324,"SRR10788010","Endothelial"
"1325",1325,"SRR10788015","Immune Cells"
"1326",1326,"SRR10788020","Fibroblasts"
"1327",1327,"SRR10788025","Immune Cells"
"1328",1328,"SRR10788040","Immune Cells"
"1329",1329,"SRR10788050","Immune Cells"
"1330",1330,"SRR10788055","Melanocytes"
"1331",1331,"SRR10788065","Hepatocytes"
"1332",1332,"SRR10788075","Endothelial"
"1333",1333,"SRR10788080","Immune Cells"
"1334",1334,"SRR10788105","Epithelial"
"1335",1335,"SRR10788110","Immune Cells"
"1336",1336,"SRR10788115","Endothelial"
"1337",1337,"SRR10788130","Epithelial"
"1338",1338,"SRR10788145","Hepatocytes"
"1339",1339,"SRR10788150","Melanocytes"
"1340",1340,"SRR10788155","Fibroblasts"
"1341",1341,"SRR10788165","Fibroblasts"
"1342",1342,"SRR10788170","Immune Cells"
"1343",1343,"SRR10788180","Endothelial"
"1344",1344,"SRR10788185","Immune Cells"
"1345",1345,"SRR10788195","Immune Cells"
"1346",1346,"SRR10788200","Epithelial"
"1347",1347,"SRR10788205","Immune Cells"
"1348",1348,"SRR10788210","Epithelial"
"1349",1349,"SRR10788220","Fibroblasts"
"1350",1350,"SRR10788240","Immune Cells"
"1351",1351,"SRR10788250","Immune Cells"
"1352",1352,"SRR10788255","Endothelial"
"1353",1353,"SRR10788265","Epithelial"
"1354",1354,"SRR10788270","Endothelial"
"1355",1355,"SRR10788275","Epithelial"
"1356",1356,"SRR10788280","Hepatocytes"
"1357",1357,"SRR10788285","Endothelial"
"1358",1358,"SRR10788295","Immune Cells"
"1359",1359,"SRR10788305","Epithelial"
"1360",1360,"SRR10788310","Epithelial"
"1361",1361,"SRR10788320","Hepatocytes"
"1362",1362,"SRR10788330","Epithelial"
"1363",1363,"SRR10788335","Epithelial"
"1364",1364,"SRR10788340","Fibroblasts"
"1365",1365,"SRR10788355","Epithelial"
"1366",1366,"SRR10788370","Immune Cells"
"1367",1367,"SRR10788375","Fibroblasts"
"1368",1368,"SRR10788385","Immune Cells"
"1369",1369,"SRR10788390","Immune Cells"
"1370",1370,"SRR10788400","Hepatocytes"
"1371",1371,"SRR10788410","Hepatocytes"
"1372",1372,"SRR10788415","Melanocytes"
"1373",1373,"SRR10788420","Immune Cells"
"1374",1374,"SRR10788425","Endothelial"
"1375",1375,"SRR10788435","Melanocytes"
"1376",1376,"SRR10788440","Epithelial"
"1377",1377,"SRR10788455","Epithelial"
"1378",1378,"SRR10788465","Immune Cells"
"1379",1379,"SRR10788470","Immune Cells"
"1380",1380,"SRR10788480","Epithelial"
"1381",1381,"SRR10788525","Immune Cells"
"1382",1382,"SRR10788530","Immune Cells"
"1383",1383,"SRR10788540","Immune Cells"
"1384",1384,"SRR10788545","Immune Cells"
"1385",1385,"SRR10788590","Immune Cells"
"1386",1386,"SRR10788600","Immune Cells"
"1387",1387,"SRR10788620","Epithelial"
"1388",1388,"SRR10788625","Immune Cells"
"1389",1389,"SRR10788630","Epithelial"
"1390",1390,"SRR10788640","Epithelial"
"1391",1391,"SRR10788645","Epithelial"
"1392",1392,"SRR10788650","Immune Cells"
"1393",1393,"SRR10788660","Epithelial"
"1394",1394,"SRR10788665","Fibroblasts"
"1395",1395,"SRR10788670","Immune Cells"
"1396",1396,"SRR10788680","Epithelial"
"1397",1397,"SRR10788685","Immune Cells"
"1398",1398,"SRR10788690","Endothelial"
"1399",1399,"SRR10788710","Epithelial"
"1400",1400,"SRR10788715","Epithelial"
"1401",1401,"SRR10788720","Immune Cells"
"1402",1402,"SRR10788725","Endothelial"
"1403",1403,"SRR10788735","Epithelial"
"1404",1404,"SRR10788740","Melanocytes"
"1405",1405,"SRR10788745","Immune Cells"
"1406",1406,"SRR10788755","Fibroblasts"
"1407",1407,"SRR10788760","Immune Cells"
"1408",1408,"SRR10788765","Hepatocytes"
"1409",1409,"SRR10788775","Epithelial"
"1410",1410,"SRR10788785","Immune Cells"
"1411",1411,"SRR10788790","Immune Cells"
"1412",1412,"SRR10788805","Immune Cells"
"1413",1413,"SRR10788810","Immune Cells"
"1414",1414,"SRR10788815","Immune Cells"
"1415",1415,"SRR10788820","Endothelial"
"1416",1416,"SRR10788825","Endothelial"
"1417",1417,"SRR10788830","Immune Cells"
"1418",1418,"SRR10788840","Endothelial"
"1419",1419,"SRR10788850","Melanocytes"
"1420",1420,"SRR10788855","Endothelial"
"1421",1421,"SRR10788865","Epithelial"
"1422",1422,"SRR10788870","Endothelial"
"1423",1423,"SRR10788875","Immune Cells"
"1424",1424,"SRR10788880","Hepatocytes"
"1425",1425,"SRR10788885","Immune Cells"
"1426",1426,"SRR10788890","Epithelial"
"1427",1427,"SRR10788895","Epithelial"
"1428",1428,"SRR10788900","Immune Cells"
"1429",1429,"SRR10788910","Epithelial"
"1430",1430,"SRR10788920","Fibroblasts"
"1431",1431,"SRR10788925","Immune Cells"
"1432",1432,"SRR10788935","Epithelial"
"1433",1433,"SRR10788950","Immune Cells"
"1434",1434,"SRR10788955","Immune Cells"
"1435",1435,"SRR10788960","Endothelial"
"1436",1436,"SRR10788965","Immune Cells"
"1437",1437,"SRR10788970","Epithelial"
"1438",1438,"SRR10788980","Hepatocytes"
"1439",1439,"SRR10788985","Immune Cells"
"1440",1440,"SRR10788995","Immune Cells"
"1441",1441,"SRR10789005","Melanocytes"
"1442",1442,"SRR10789010","Endothelial"
"1443",1443,"SRR10789020","Fibroblasts"
"1444",1444,"SRR10789040","Immune Cells"
"1445",1445,"SRR10789045","Immune Cells"
"1446",1446,"SRR10789055","Immune Cells"
"1447",1447,"SRR10789060","Hepatocytes"
"1448",1448,"SRR10789065","Hepatocytes"
"1449",1449,"SRR10789070","Immune Cells"
"1450",1450,"SRR10789075","Immune Cells"
"1451",1451,"SRR10789080","Immune Cells"
"1452",1452,"SRR10789090","Epithelial"
"1453",1453,"SRR10789095","Immune Cells"
"1454",1454,"SRR10789100","Epithelial"
"1455",1455,"SRR10789105","Hepatocytes"
"1456",1456,"SRR10789110","Epithelial"
"1457",1457,"SRR10789135","Epithelial"
"1458",1458,"SRR10789145","Epithelial"
"1459",1459,"SRR10789150","Endothelial"
"1460",1460,"SRR10789155","Melanocytes"
"1461",1461,"SRR10789165","Epithelial"
"1462",1462,"SRR10789170","Epithelial"
"1463",1463,"SRR10789175","Endothelial"
"1464",1464,"SRR10789180","Endothelial"
"1465",1465,"SRR10789185","Hepatocytes"
"1466",1466,"SRR10789190","Epithelial"
"1467",1467,"SRR10789195","Immune Cells"
"1468",1468,"SRR10789200","Melanocytes"
"1469",1469,"SRR10789230","Epithelial"
"1470",1470,"SRR10789240","Endothelial"
"1471",1471,"SRR10789250","Fibroblasts"
"1472",1472,"SRR10789255","Melanocytes"
"1473",1473,"SRR10789260","Melanocytes"
"1474",1474,"SRR10789265","Endothelial"
"1475",1475,"SRR10789285","Epithelial"
"1476",1476,"SRR10789295","Immune Cells"
"1477",1477,"SRR10789300","Immune Cells"
"1478",1478,"SRR10789305","Epithelial"
"1479",1479,"SRR10789315","Immune Cells"
"1480",1480,"SRR10789320","Epithelial"
"1481",1481,"SRR10789325","Immune Cells"
"1482",1482,"SRR10789330","Immune Cells"
"1483",1483,"SRR10789350","Immune Cells"
"1484",1484,"SRR10789355","Immune Cells"
"1485",1485,"SRR10789360","Immune Cells"
"1486",1486,"SRR10789365","Melanocytes"
"1487",1487,"SRR10789375","Immune Cells"
"1488",1488,"SRR10789380","Fibroblasts"
"1489",1489,"SRR10789390","Endothelial"
"1490",1490,"SRR10789405","Endothelial"
"1491",1491,"SRR10789430","Immune Cells"
"1492",1492,"SRR10789440","Epithelial"
"1493",1493,"SRR10789445","Hepatocytes"
"1494",1494,"SRR10789450","Immune Cells"
"1495",1495,"SRR10789460","Epithelial"
"1496",1496,"SRR10789465","Immune Cells"
"1497",1497,"SRR10789470","Epithelial"
"1498",1498,"SRR10789480","Epithelial"
"1499",1499,"SRR10789485","Melanocytes"
"1500",1500,"SRR10789490","Immune Cells"
"1501",1501,"SRR10789495","Immune Cells"
"1502",1502,"SRR10789500","Endothelial"
"1503",1503,"SRR10789505","Immune Cells"
"1504",1504,"SRR10789515","Epithelial"
"1505",1505,"SRR10789520","Epithelial"
"1506",1506,"SRR10789530","Endothelial"
"1507",1507,"SRR10789535","Epithelial"
"1508",1508,"SRR10789540","Epithelial"
"1509",1509,"SRR10789555","Immune Cells"
"1510",1510,"SRR10789570","Melanocytes"
"1511",1511,"SRR10789575","Epithelial"
"1512",1512,"SRR10789580","Endothelial"
"1513",1513,"SRR10789590","Immune Cells"
"1514",1514,"SRR10789605","Epithelial"
"1515",1515,"SRR10789625","Immune Cells"
"1516",1516,"SRR10789630","Melanocytes"
"1517",1517,"SRR10789635","Fibroblasts"
"1518",1518,"SRR10789640","Melanocytes"
"1519",1519,"SRR10789645","Endothelial"
"1520",1520,"SRR10789650","Immune Cells"
"1521",1521,"SRR10789665","Immune Cells"
"1522",1522,"SRR10789670","Endothelial"
"1523",1523,"SRR10789675","Fibroblasts"
"1524",1524,"SRR10789680","Immune Cells"
"1525",1525,"SRR10789685","Immune Cells"
"1526",1526,"SRR10789695","Immune Cells"
"1527",1527,"SRR10789700","Fibroblasts"
"1528",1528,"SRR10789705","Melanocytes"
"1529",1529,"SRR10789710","Immune Cells"
"1530",1530,"SRR10789715","Hepatocytes"
"1531",1531,"SRR10789745","Epithelial"
"1532",1532,"SRR10789750","Immune Cells"
"1533",1533,"SRR10789780","Epithelial"
"1534",1534,"SRR10789790","Melanocytes"
"1535",1535,"SRR10789800","Immune Cells"
"1536",1536,"SRR10789810","Melanocytes"
"1537",1537,"SRR10789845","Epithelial"
"1538",1538,"SRR10789855","Fibroblasts"
"1539",1539,"SRR10789885","Immune Cells"
"1540",1540,"SRR10789895","Immune Cells"
"1541",1541,"SRR10789900","Immune Cells"
"1542",1542,"SRR10789935","Epithelial"
"1543",1543,"SRR10789950","Fibroblasts"
"1544",1544,"SRR10789970","Immune Cells"
"1545",1545,"SRR10789975","Epithelial"
"1546",1546,"SRR10790020","Epithelial"
"1547",1547,"SRR10790060","Fibroblasts"
"1548",1548,"SRR10790085","Epithelial"
"1549",1549,"SRR10790090","Immune Cells"
"1550",1550,"SRR10790100","Endothelial"
"1551",1551,"SRR10790110","Immune Cells"
"1552",1552,"SRR10790115","Immune Cells"
"1553",1553,"SRR10790150","Epithelial"
"1554",1554,"SRR10790160","Immune Cells"
"1555",1555,"SRR10790185","Immune Cells"
"1556",1556,"SRR10790195","Epithelial"
"1557",1557,"SRR10790205","Endothelial"
"1558",1558,"SRR10790235","Immune Cells"
"1559",1559,"SRR10790275","Immune Cells"
"1560",1560,"SRR10790305","Immune Cells"
"1561",1561,"SRR10790315","Endothelial"
"1562",1562,"SRR10790325","Melanocytes"
"1563",1563,"SRR10790350","Immune Cells"
"1564",1564,"SRR10790360","Endothelial"
"1565",1565,"SRR10790365","Immune Cells"
"1566",1566,"SRR10790370","Immune Cells"
"1567",1567,"SRR10790385","Fibroblasts"
"1568",1568,"SRR10790400","Immune Cells"
"1569",1569,"SRR10790430","Immune Cells"
"1570",1570,"SRR10790460","Immune Cells"
"1571",1571,"SRR10790475","Epithelial"
"1572",1572,"SRR10790495","Immune Cells"
"1573",1573,"SRR10790555","Hepatocytes"
"1574",1574,"SRR10790565","Epithelial"
"1575",1575,"SRR10790575","Fibroblasts"
"1576",1576,"SRR10790595","Epithelial"
"1577",1577,"SRR10790605","Hepatocytes"
"1578",1578,"SRR10790610","Immune Cells"
"1579",1579,"SRR10790615","Immune Cells"
"1580",1580,"SRR10790625","Epithelial"
"1581",1581,"SRR10790640","Fibroblasts"
"1582",1582,"SRR10790645","Fibroblasts"
"1583",1583,"SRR10790650","Immune Cells"
"1584",1584,"SRR10790655","Immune Cells"
"1585",1585,"SRR10790660","Endothelial"
"1586",1586,"SRR10790685","Endothelial"
"1587",1587,"SRR10790710","Melanocytes"
"1588",1588,"SRR10790720","Endothelial"
"1589",1589,"SRR10790745","Epithelial"
"1590",1590,"SRR10790750","Immune Cells"
"1591",1591,"SRR10790760","Epithelial"
"1592",1592,"SRR10790785","Epithelial"
"1593",1593,"SRR10790790","Immune Cells"
"1594",1594,"SRR10790810","Hepatocytes"
"1595",1595,"SRR10790825","Epithelial"
"1596",1596,"SRR10790845","Endothelial"
"1597",1597,"SRR10790895","Endothelial"
"1598",1598,"SRR10790970","Endothelial"
"1599",1599,"SRR10791065","Immune Cells"
"1600",1600,"SRR10791070","Fibroblasts"
"1601",1601,"SRR10791085","Endothelial"
"1602",1602,"SRR10791110","Epithelial"
"1603",1603,"SRR10791160","Fibroblasts"
"1604",1604,"SRR10791175","Fibroblasts"
"1605",1605,"SRR10791195","Epithelial"
"1606",1606,"SRR10791200","Epithelial"
"1607",1607,"SRR10791245","Immune Cells"
"1608",1608,"SRR10791270","Hepatocytes"
"1609",1609,"SRR10791275","Immune Cells"
"1610",1610,"SRR10791280","Immune Cells"
"1611",1611,"SRR10791285","Epithelial"
"1612",1612,"SRR10791740","Immune Cells"
"1613",1613,"SRR10791745","Epithelial"
"1614",1614,"SRR10791750","Endothelial"
"1615",1615,"SRR10791760","Melanocytes"
"1616",1616,"SRR10791770","Endothelial"
"1617",1617,"SRR10791775","Immune Cells"
"1618",1618,"SRR10791780","Immune Cells"
"1619",1619,"SRR10791785","Fibroblasts"
"1620",1620,"SRR10791790","Hepatocytes"
"1621",1621,"SRR10791795","Immune Cells"
"1622",1622,"SRR10795095","Fibroblasts"
"1623",1623,"SRR10795100","Epithelial"
"1624",1624,"SRR10795105","Epithelial"
"1625",1625,"SRR10795115","Hepatocytes"
"1626",1626,"SRR10795120","Epithelial"
"1627",1627,"SRR10795125","Immune Cells"
"1628",1628,"SRR10795150","Immune Cells"
"1629",1629,"SRR10795160","Epithelial"
"1630",1630,"SRR10795165","Fibroblasts"
"1631",1631,"SRR10795170","Fibroblasts"
"1632",1632,"SRR10795180","Immune Cells"
"1633",1633,"SRR10795185","Immune Cells"
"1634",1634,"SRR10795205","Hepatocytes"
"1635",1635,"SRR10795210","Epithelial"
"1636",1636,"SRR10795215","Melanocytes"
"1637",1637,"SRR10795220","Endothelial"
"1638",1638,"SRR10795225","Epithelial"
"1639",1639,"SRR10795230","Fibroblasts"
"1640",1640,"SRR10795235","Epithelial"
"1641",1641,"SRR10795245","Immune Cells"
"1642",1642,"SRR10795260","Immune Cells"
"1643",1643,"SRR10795265","Endothelial"
"1644",1644,"SRR10795270","Epithelial"
"1645",1645,"SRR10795275","Immune Cells"
"1646",1646,"SRR10795280","Hepatocytes"
"1647",1647,"SRR10795290","Hepatocytes"
"1648",1648,"SRR10795295","Melanocytes"
"1649",1649,"SRR10795300","Fibroblasts"
"1650",1650,"SRR10795305","Endothelial"
"1651",1651,"SRR10795310","Epithelial"
"1652",1652,"SRR10795320","Immune Cells"
"1653",1653,"SRR10795330","Immune Cells"
"1654",1654,"SRR10795335","Immune Cells"
"1655",1655,"SRR10795340","Immune Cells"
"1656",1656,"SRR10795345","Endothelial"
"1657",1657,"SRR10795360","Epithelial"
"1658",1658,"SRR10795365","Immune Cells"
"1659",1659,"SRR10795370","Epithelial"
"1660",1660,"SRR10795375","Epithelial"
"1661",1661,"SRR10795380","Melanocytes"
"1662",1662,"SRR10795385","Immune Cells"
"1663",1663,"SRR10795395","Immune Cells"
"1664",1664,"SRR10795405","Epithelial"
"1665",1665,"SRR10795425","Endothelial"
"1666",1666,"SRR10795430","Immune Cells"
"1667",1667,"SRR10795435","Immune Cells"
"1668",1668,"SRR10795440","Epithelial"
"1669",1669,"SRR10795445","Endothelial"
"1670",1670,"SRR10795455","Immune Cells"
"1671",1671,"SRR10795460","Immune Cells"
"1672",1672,"SRR10795465","Epithelial"
"1673",1673,"SRR10795475","Epithelial"
"1674",1674,"SRR10795490","Epithelial"
"1675",1675,"SRR10795495","Immune Cells"
"1676",1676,"SRR10795500","Immune Cells"
"1677",1677,"SRR10795505","Immune Cells"
"1678",1678,"SRR10795515","Fibroblasts"
"1679",1679,"SRR10795520","Immune Cells"
"1680",1680,"SRR10795530","Endothelial"
"1681",1681,"SRR10795535","Immune Cells"
"1682",1682,"SRR10795540","Epithelial"
"1683",1683,"SRR10795545","Epithelial"
"1684",1684,"SRR10795560","Immune Cells"
"1685",1685,"SRR10795570","Immune Cells"
"1686",1686,"SRR10795585","Epithelial"
"1687",1687,"SRR10795595","Immune Cells"
"1688",1688,"SRR10795600","Immune Cells"
"1689",1689,"SRR10795605","Fibroblasts"
"1690",1690,"SRR10795610","Epithelial"
"1691",1691,"SRR10795615","Fibroblasts"
"1692",1692,"SRR10795620","Epithelial"
"1693",1693,"SRR10795625","Immune Cells"
"1694",1694,"SRR10795650","Immune Cells"
"1695",1695,"SRR10795660","Epithelial"
"1696",1696,"SRR10795685","Endothelial"
"1697",1697,"SRR10795695","Hepatocytes"
"1698",1698,"SRR10795700","Immune Cells"
"1699",1699,"SRR10795710","Epithelial"
"1700",1700,"SRR10795715","Epithelial"
"1701",1701,"SRR10795720","Epithelial"
"1702",1702,"SRR10795725","Melanocytes"
"1703",1703,"SRR10795735","Hepatocytes"
"1704",1704,"SRR10795740","Immune Cells"
"1705",1705,"SRR10795745","Immune Cells"
"1706",1706,"SRR10795750","Immune Cells"
"1707",1707,"SRR10795755","Immune Cells"
"1708",1708,"SRR10795770","Endothelial"
"1709",1709,"SRR10795775","Immune Cells"
"1710",1710,"SRR10795785","Epithelial"
"1711",1711,"SRR10795790","Hepatocytes"
"1712",1712,"SRR10795795","Epithelial"
"1713",1713,"SRR10795805","Fibroblasts"
"1714",1714,"SRR10795810","Immune Cells"
"1715",1715,"SRR10795815","Epithelial"
"1716",1716,"SRR10795825","Immune Cells"
"1717",1717,"SRR10795830","Immune Cells"
"1718",1718,"SRR10795835","Immune Cells"
"1719",1719,"SRR10795840","Immune Cells"
"1720",1720,"SRR10795865","Immune Cells"
"1721",1721,"SRR10795875","Fibroblasts"
"1722",1722,"SRR10795885","Hepatocytes"
"1723",1723,"SRR10795895","Immune Cells"
"1724",1724,"SRR10795905","Immune Cells"
"1725",1725,"SRR10795910","Immune Cells"
"1726",1726,"SRR10795920","Hepatocytes"
"1727",1727,"SRR10795925","Fibroblasts"
"1728",1728,"SRR10795930","Immune Cells"
"1729",1729,"SRR10795940","Melanocytes"
"1730",1730,"SRR10795945","Endothelial"
"1731",1731,"SRR10795950","Endothelial"
"1732",1732,"SRR10795955","Immune Cells"
"1733",1733,"SRR10795975","Fibroblasts"
"1734",1734,"SRR10795985","Epithelial"
"1735",1735,"SRR10795995","Endothelial"
"1736",1736,"SRR10796000","Epithelial"
"1737",1737,"SRR10796015","Endothelial"
"1738",1738,"SRR10796025","Epithelial"
"1739",1739,"SRR10796030","Hepatocytes"
"1740",1740,"SRR10796035","Epithelial"
"1741",1741,"SRR10796050","Fibroblasts"
"1742",1742,"SRR10796055","Endothelial"
"1743",1743,"SRR10796060","Immune Cells"
"1744",1744,"SRR10796065","Immune Cells"
"1745",1745,"SRR10796080","Epithelial"
"1746",1746,"SRR10796085","Immune Cells"
"1747",1747,"SRR10796105","Immune Cells"
"1748",1748,"SRR10796110","Hepatocytes"
"1749",1749,"SRR10796120","Endothelial"
"1750",1750,"SRR10796125","Endothelial"
"1751",1751,"SRR10796130","Immune Cells"
"1752",1752,"SRR10796140","Immune Cells"
"1753",1753,"SRR10796145","Immune Cells"
"1754",1754,"SRR10796150","Endothelial"
"1755",1755,"SRR10796155","Epithelial"
"1756",1756,"SRR10796180","Endothelial"
"1757",1757,"SRR10796185","Immune Cells"
"1758",1758,"SRR10796195","Immune Cells"
"1759",1759,"SRR10796200","Epithelial"
"1760",1760,"SRR10796210","Immune Cells"
"1761",1761,"SRR10796215","Immune Cells"
"1762",1762,"SRR10796225","Melanocytes"
"1763",1763,"SRR10796230","Hepatocytes"
"1764",1764,"SRR10796235","Epithelial"
"1765",1765,"SRR10796240","Fibroblasts"
"1766",1766,"SRR10796245","Epithelial"
"1767",1767,"SRR10796250","Fibroblasts"
"1768",1768,"SRR10796255","Hepatocytes"
"1769",1769,"SRR10796260","Fibroblasts"
"1770",1770,"SRR10796270","Melanocytes"
"1771",1771,"SRR10796275","Hepatocytes"
"1772",1772,"SRR10796280","Immune Cells"
"1773",1773,"SRR10796290","Epithelial"
"1774",1774,"SRR10796310","Endothelial"
"1775",1775,"SRR10796340","Immune Cells"
"1776",1776,"SRR10796350","Epithelial"
"1777",1777,"SRR10796355","Epithelial"
"1778",1778,"SRR10796370","Immune Cells"
"1779",1779,"SRR10796375","Immune Cells"
"1780",1780,"SRR10796385","Immune Cells"
"1781",1781,"SRR10796395","Endothelial"
"1782",1782,"SRR10796400","Endothelial"
"1783",1783,"SRR10796405","Fibroblasts"
"1784",1784,"SRR10796410","Epithelial"
"1785",1785,"SRR10796415","Epithelial"
"1786",1786,"SRR10796420","Immune Cells"
"1787",1787,"SRR10796445","Endothelial"
"1788",1788,"SRR10796455","Immune Cells"
"1789",1789,"SRR10796475","Immune Cells"
"1790",1790,"SRR10796485","Hepatocytes"
"1791",1791,"SRR10796490","Epithelial"
"1792",1792,"SRR10796495","Fibroblasts"
"1793",1793,"SRR10796500","Epithelial"
"1794",1794,"SRR10796505","Immune Cells"
"1795",1795,"SRR10796510","Fibroblasts"
"1796",1796,"SRR10796520","Epithelial"
"1797",1797,"SRR10796530","Epithelial"
"1798",1798,"SRR10796535","Epithelial"
"1799",1799,"SRR10796555","Endothelial"
"1800",1800,"SRR10796570","Hepatocytes"
"1801",1801,"SRR10796585","Endothelial"
"1802",1802,"SRR10796595","Epithelial"
"1803",1803,"SRR10796600","Hepatocytes"
"1804",1804,"SRR10796605","Immune Cells"
"1805",1805,"SRR10796610","Immune Cells"
"1806",1806,"SRR10796625","Epithelial"
"1807",1807,"SRR10796645","Epithelial"
"1808",1808,"SRR10796655","Melanocytes"
"1809",1809,"SRR10796660","Endothelial"
"1810",1810,"SRR10796665","Fibroblasts"
"1811",1811,"SRR10796670","Melanocytes"
"1812",1812,"SRR10796675","Fibroblasts"
"1813",1813,"SRR10796680","Immune Cells"
"1814",1814,"SRR10796690","Epithelial"
"1815",1815,"SRR10796700","Hepatocytes"
"1816",1816,"SRR10796705","Immune Cells"
"1817",1817,"SRR10796710","Immune Cells"
"1818",1818,"SRR10796720","Immune Cells"
"1819",1819,"SRR10796725","Epithelial"
"1820",1820,"SRR10796730","Endothelial"
"1821",1821,"SRR10796745","Immune Cells"
"1822",1822,"SRR10796750","Immune Cells"
"1823",1823,"SRR10796755","Hepatocytes"
"1824",1824,"SRR10796775","Hepatocytes"
"1825",1825,"SRR10796785","Epithelial"
"1826",1826,"SRR10796800","Epithelial"
"1827",1827,"SRR10796805","Hepatocytes"
"1828",1828,"SRR10796810","Fibroblasts"
"1829",1829,"SRR10796835","Epithelial"
"1830",1830,"SRR10796845","Hepatocytes"
"1831",1831,"SRR10796850","Fibroblasts"
"1832",1832,"SRR10796855","Epithelial"
"1833",1833,"SRR10796865","Endothelial"
"1834",1834,"SRR10796880","Immune Cells"
"1835",1835,"SRR10796885","Immune Cells"
"1836",1836,"SRR10796890","Immune Cells"
"1837",1837,"SRR10796895","Fibroblasts"
"1838",1838,"SRR10796900","Immune Cells"
"1839",1839,"SRR10796905","Endothelial"
"1840",1840,"SRR10796910","Immune Cells"
"1841",1841,"SRR10796920","Immune Cells"
"1842",1842,"SRR10796925","Hepatocytes"
"1843",1843,"SRR10796930","Fibroblasts"
"1844",1844,"SRR10796935","Fibroblasts"
"1845",1845,"SRR10796940","Epithelial"
"1846",1846,"SRR10796950","Endothelial"
"1847",1847,"SRR10796955","Hepatocytes"
"1848",1848,"SRR10796975","Immune Cells"
"1849",1849,"SRR10796980","Immune Cells"
"1850",1850,"SRR10796985","Hepatocytes"
"1851",1851,"SRR10796990","Melanocytes"
"1852",1852,"SRR10797005","Epithelial"
"1853",1853,"SRR10797015","Immune Cells"
"1854",1854,"SRR10797020","Epithelial"
"1855",1855,"SRR10797025","Epithelial"
"1856",1856,"SRR10797030","Endothelial"
"1857",1857,"SRR10797035","Endothelial"
"1858",1858,"SRR10797050","Fibroblasts"
"1859",1859,"SRR10797055","Endothelial"
"1860",1860,"SRR10797060","Hepatocytes"
"1861",1861,"SRR10797065","Melanocytes"
"1862",1862,"SRR10797075","Epithelial"
"1863",1863,"SRR10797085","Immune Cells"
"1864",1864,"SRR10797095","Epithelial"
"1865",1865,"SRR10797100","Immune Cells"
"1866",1866,"SRR10797105","Melanocytes"
"1867",1867,"SRR10797115","Immune Cells"
"1868",1868,"SRR10797120","Immune Cells"
"1869",1869,"SRR10797125","Epithelial"
"1870",1870,"SRR10797130","Endothelial"
"1871",1871,"SRR10797135","Melanocytes"
"1872",1872,"SRR10797140","Melanocytes"
"1873",1873,"SRR10797150","Immune Cells"
"1874",1874,"SRR10797155","Fibroblasts"
"1875",1875,"SRR10797165","Epithelial"
"1876",1876,"SRR10797185","Endothelial"
"1877",1877,"SRR10797195","Epithelial"
"1878",1878,"SRR10797205","Fibroblasts"
"1879",1879,"SRR10797210","Immune Cells"
"1880",1880,"SRR10797225","Endothelial"
"1881",1881,"SRR10797240","Endothelial"
"1882",1882,"SRR10797245","Immune Cells"
"1883",1883,"SRR10797250","Immune Cells"
"1884",1884,"SRR10797255","Epithelial"
"1885",1885,"SRR10797260","Fibroblasts"
"1886",1886,"SRR10797270","Immune Cells"
"1887",1887,"SRR10797275","Fibroblasts"
"1888",1888,"SRR10797285","Epithelial"
"1889",1889,"SRR10797295","Immune Cells"
"1890",1890,"SRR10797310","Epithelial"
"1891",1891,"SRR10797325","Immune Cells"
"1892",1892,"SRR10797330","Melanocytes"
"1893",1893,"SRR10797335","Fibroblasts"
"1894",1894,"SRR10797340","Immune Cells"
"1895",1895,"SRR10797350","Endothelial"
"1896",1896,"SRR10797360","Endothelial"
"1897",1897,"SRR10797375","Immune Cells"
"1898",1898,"SRR10797380","Endothelial"
"1899",1899,"SRR10797390","Hepatocytes"
"1900",1900,"SRR10797395","Immune Cells"
"1901",1901,"SRR10797410","Fibroblasts"
"1902",1902,"SRR10797415","Fibroblasts"
"1903",1903,"SRR10797430","Immune Cells"
"1904",1904,"SRR10797435","Immune Cells"
"1905",1905,"SRR10797445","Immune Cells"
"1906",1906,"SRR10797450","Fibroblasts"
"1907",1907,"SRR10797465","Immune Cells"
"1908",1908,"SRR10797470","Epithelial"
"1909",1909,"SRR10797485","Immune Cells"
"1910",1910,"SRR10797490","Immune Cells"
"1911",1911,"SRR10797495","Epithelial"
"1912",1912,"SRR10797500","Immune Cells"
"1913",1913,"SRR10797505","Epithelial"
"1914",1914,"SRR10797510","Melanocytes"
"1915",1915,"SRR10797525","Immune Cells"
"1916",1916,"SRR10797535","Immune Cells"
"1917",1917,"SRR10797540","Fibroblasts"
"1918",1918,"SRR10797550","Hepatocytes"
"1919",1919,"SRR10797565","Immune Cells"
"1920",1920,"SRR10797570","Fibroblasts"
"1921",1921,"SRR10797575","Epithelial"
"1922",1922,"SRR10797580","Fibroblasts"
"1923",1923,"SRR10797585","Hepatocytes"
"1924",1924,"SRR10797590","Immune Cells"
"1925",1925,"SRR10797595","Immune Cells"
"1926",1926,"SRR10797610","Immune Cells"
"1927",1927,"SRR10797615","Melanocytes"
"1928",1928,"SRR10797620","Hepatocytes"
"1929",1929,"SRR10797625","Epithelial"
"1930",1930,"SRR10797630","Immune Cells"
"1931",1931,"SRR10797635","Epithelial"
"1932",1932,"SRR10797645","Melanocytes"
"1933",1933,"SRR10797655","Hepatocytes"
"1934",1934,"SRR10797660","Fibroblasts"
"1935",1935,"SRR10797665","Epithelial"
"1936",1936,"SRR10797670","Immune Cells"
"1937",1937,"SRR10797675","Melanocytes"
"1938",1938,"SRR10797680","Immune Cells"
"1939",1939,"SRR10797685","Immune Cells"
"1940",1940,"SRR10797700","Epithelial"
"1941",1941,"SRR10797705","Melanocytes"
"1942",1942,"SRR10797710","Epithelial"
"1943",1943,"SRR10797715","Epithelial"
"1944",1944,"SRR10797720","Epithelial"
"1945",1945,"SRR10797725","Endothelial"
"1946",1946,"SRR10797730","Immune Cells"
"1947",1947,"SRR10797735","Immune Cells"
"1948",1948,"SRR10797750","Immune Cells"
"1949",1949,"SRR10797755","Endothelial"
"1950",1950,"SRR10797760","Hepatocytes"
"1951",1951,"SRR10797765","Immune Cells"
"1952",1952,"SRR10797770","Immune Cells"
"1953",1953,"SRR10797775","Immune Cells"
"1954",1954,"SRR10797780","Immune Cells"
"1955",1955,"SRR10797785","Immune Cells"
"1956",1956,"SRR10797790","Epithelial"
"1957",1957,"SRR10797800","Hepatocytes"
"1958",1958,"SRR10797805","Fibroblasts"
"1959",1959,"SRR10797810","Immune Cells"
"1960",1960,"SRR10797815","Immune Cells"
"1961",1961,"SRR10797820","Immune Cells"
"1962",1962,"SRR10797825","Immune Cells"
"1963",1963,"SRR10797830","Hepatocytes"
"1964",1964,"SRR10797835","Immune Cells"
"1965",1965,"SRR10797850","Melanocytes"
"1966",1966,"SRR10797860","Immune Cells"
"1967",1967,"SRR10797870","Epithelial"
"1968",1968,"SRR10797880","Endothelial"
"1969",1969,"SRR10797890","Epithelial"
"1970",1970,"SRR10797905","Immune Cells"
"1971",1971,"SRR10797915","Epithelial"
"1972",1972,"SRR10797925","Fibroblasts"
"1973",1973,"SRR10797950","Epithelial"
"1974",1974,"SRR10797965","Fibroblasts"
"1975",1975,"SRR10797970","Immune Cells"
"1976",1976,"SRR10797980","Immune Cells"
"1977",1977,"SRR10797985","Immune Cells"
"1978",1978,"SRR10798005","Endothelial"
"1979",1979,"SRR10798010","Epithelial"
"1980",1980,"SRR10798015","Immune Cells"
"1981",1981,"SRR10798020","Immune Cells"
"1982",1982,"SRR10798025","Immune Cells"
"1983",1983,"SRR10798030","Endothelial"
"1984",1984,"SRR10798035","Endothelial"
"1985",1985,"SRR10798040","Immune Cells"
"1986",1986,"SRR10798050","Epithelial"
"1987",1987,"SRR10798055","Immune Cells"
"1988",1988,"SRR10798065","Epithelial"
"1989",1989,"SRR10798075","Epithelial"
"1990",1990,"SRR10798080","Endothelial"
"1991",1991,"SRR10798085","Immune Cells"
"1992",1992,"SRR10798090","Endothelial"
"1993",1993,"SRR10798100","Hepatocytes"
"1994",1994,"SRR10798105","Hepatocytes"
"1995",1995,"SRR10798110","Epithelial"
"1996",1996,"SRR10798115","Epithelial"
"1997",1997,"SRR10798120","Immune Cells"
"1998",1998,"SRR10798125","Hepatocytes"
"1999",1999,"SRR10798130","Epithelial"
"2000",2000,"SRR10798150","Fibroblasts"
"2001",2001,"SRR10798165","Melanocytes"
"2002",2002,"SRR10798175","Epithelial"
"2003",2003,"SRR10798180","Immune Cells"
"2004",2004,"SRR10798185","Endothelial"
"2005",2005,"SRR10798195","Immune Cells"
"2006",2006,"SRR10798200","Immune Cells"
"2007",2007,"SRR10798205","Fibroblasts"
"2008",2008,"SRR10798225","Epithelial"
"2009",2009,"SRR10798240","Immune Cells"
"2010",2010,"SRR10798250","Immune Cells"
"2011",2011,"SRR10798255","Immune Cells"
"2012",2012,"SRR10798265","Hepatocytes"
"2013",2013,"SRR10798270","Fibroblasts"
"2014",2014,"SRR10798275","Epithelial"
"2015",2015,"SRR10798280","Fibroblasts"
"2016",2016,"SRR10798285","Epithelial"
"2017",2017,"SRR10798290","Melanocytes"
"2018",2018,"SRR10798310","Epithelial"
"2019",2019,"SRR10798315","Epithelial"
"2020",2020,"SRR10798330","Immune Cells"
"2021",2021,"SRR10798335","Immune Cells"
"2022",2022,"SRR10798340","Immune Cells"
"2023",2023,"SRR10798365","Epithelial"
"2024",2024,"SRR10798380","Immune Cells"
"2025",2025,"SRR10798385","Melanocytes"
"2026",2026,"SRR10798390","Epithelial"
"2027",2027,"SRR10798410","Epithelial"
"2028",2028,"SRR10798420","Immune Cells"
"2029",2029,"SRR10798425","Fibroblasts"
"2030",2030,"SRR10798435","Endothelial"
"2031",2031,"SRR10798450","Epithelial"
"2032",2032,"SRR10798455","Fibroblasts"
"2033",2033,"SRR10798460","Epithelial"
"2034",2034,"SRR10798465","Epithelial"
"2035",2035,"SRR10798470","Immune Cells"
"2036",2036,"SRR10798475","Immune Cells"
"2037",2037,"SRR10798485","Immune Cells"
"2038",2038,"SRR10798510","Epithelial"
"2039",2039,"SRR10798515","Epithelial"
"2040",2040,"SRR10798520","Epithelial"
"2041",2041,"SRR10798525","Immune Cells"
"2042",2042,"SRR10798530","Immune Cells"
"2043",2043,"SRR10798535","Endothelial"
"2044",2044,"SRR10798545","Hepatocytes"
"2045",2045,"SRR10798550","Epithelial"
"2046",2046,"SRR10798555","Epithelial"
"2047",2047,"SRR10798575","Epithelial"
"2048",2048,"SRR10798580","Immune Cells"
"2049",2049,"SRR10798590","Epithelial"
"2050",2050,"SRR10798595","Endothelial"
"2051",2051,"SRR10798600","Hepatocytes"
"2052",2052,"SRR10798605","Immune Cells"
"2053",2053,"SRR10798610","Epithelial"
"2054",2054,"SRR10798620","Immune Cells"
"2055",2055,"SRR10798630","Immune Cells"
"2056",2056,"SRR11618570","Epithelial"
"2057",2057,"SRR11618575","Melanocytes"
"2058",2058,"SRR11618590","Melanocytes"
"2059",2059,"SRR11618595","Epithelial"
"2060",2060,"SRR11618600","Immune Cells"
"2061",2061,"SRR11618610","Epithelial"
"2062",2062,"SRR11618615","Hepatocytes"
"2063",2063,"SRR11618625","Epithelial"
"2064",2064,"SRR11618630","Epithelial"
"2065",2065,"SRR11618635","Fibroblasts"
"2066",2066,"SRR11618640","Hepatocytes"
"2067",2067,"SRR11618645","Epithelial"
"2068",2068,"SRR11618650","Epithelial"
"2069",2069,"SRR11618655","Hepatocytes"
"2070",2070,"SRR11618660","Fibroblasts"
"2071",2071,"SRR11618665","Epithelial"
"2072",2072,"SRR11618670","Fibroblasts"
"2073",2073,"SRR11618675","Fibroblasts"
"2074",2074,"SRR11618680","Fibroblasts"
"2075",2075,"SRR11618685","Immune Cells"
"2076",2076,"SRR11618690","Fibroblasts"
"2077",2077,"SRR11618695","Hepatocytes"
"2078",2078,"SRR11618700","Immune Cells"
"2079",2079,"SRR11618705","Endothelial"
"2080",2080,"SRR11618710","Hepatocytes"
"2081",2081,"SRR11618715","Fibroblasts"
"2082",2082,"SRR11618720","Fibroblasts"
"2083",2083,"SRR11618725","Immune Cells"
"2084",2084,"SRR11618730","Immune Cells"
"2085",2085,"SRR11618735","Epithelial"
"2086",2086,"SRR11618740","Fibroblasts"
"2087",2087,"SRR11618745","Epithelial"
"2088",2088,"SRR11618750","Immune Cells"
"2089",2089,"SRR11618755","Fibroblasts"
"2090",2090,"SRR11618760","Endothelial"
"2091",2091,"SRR11618765","Immune Cells"
"2092",2092,"SRR11618770","Immune Cells"
"2093",2093,"SRR11618775","Hepatocytes"
"2094",2094,"SRR11618780","Endothelial"
"2095",2095,"SRR11618785","Fibroblasts"
"2096",2096,"SRR11618800","Immune Cells"
"2097",2097,"SRR11618805","Immune Cells"
"2098",2098,"SRR11618810","Immune Cells"
"2099",2099,"SRR11618820","Immune Cells"
"2100",2100,"SRR11618825","Immune Cells"
"2101",2101,"SRR11618830","Fibroblasts"
"2102",2102,"SRR11618835","Hepatocytes"
"2103",2103,"SRR11618840","Hepatocytes"
"2104",2104,"SRR11618845","Immune Cells"
"2105",2105,"SRR11618850","Immune Cells"
"2106",2106,"SRR11618855","Immune Cells"
"2107",2107,"SRR11618860","Fibroblasts"
"2108",2108,"SRR11618865","Fibroblasts"
"2109",2109,"SRR11618870","Fibroblasts"
"2110",2110,"SRR11618875","Hepatocytes"
"2111",2111,"SRR11618880","Melanocytes"
"2112",2112,"SRR11618885","Immune Cells"
"2113",2113,"SRR11618890","Fibroblasts"
"2114",2114,"SRR11618895","Fibroblasts"
"2115",2115,"SRR11618905","Immune Cells"
"2116",2116,"SRR11618910","Endothelial"
"2117",2117,"SRR11618915","Endothelial"
"2118",2118,"SRR11618920","Fibroblasts"
"2119",2119,"SRR11618925","Fibroblasts"
"2120",2120,"SRR11618930","Fibroblasts"
"2121",2121,"SRR11618935","Epithelial"
"2122",2122,"SRR11618940","Immune Cells"
"2123",2123,"SRR11618945","Epithelial"
"2124",2124,"SRR11618950","Endothelial"
"2125",2125,"SRR11618955","Fibroblasts"
"2126",2126,"SRR11618960","Immune Cells"
"2127",2127,"SRR11618965","Melanocytes"
"2128",2128,"SRR11618970","Epithelial"
"2129",2129,"SRR11618975","Immune Cells"
"2130",2130,"SRR11618980","Immune Cells"
"2131",2131,"SRR11618985","Epithelial"
"2132",2132,"SRR11618990","Hepatocytes"
"2133",2133,"SRR11618995","Epithelial"
"2134",2134,"SRR11619005","Epithelial"
"2135",2135,"SRR11619010","Immune Cells"
"2136",2136,"SRR11619015","Fibroblasts"
"2137",2137,"SRR11619020","Immune Cells"
"2138",2138,"SRR11619025","Hepatocytes"
"2139",2139,"SRR11619030","Immune Cells"
"2140",2140,"SRR11619035","Melanocytes"
"2141",2141,"SRR11619040","Endothelial"
"2142",2142,"SRR11619045","Immune Cells"
"2143",2143,"SRR11619050","Endothelial"
"2144",2144,"SRR11619055","Fibroblasts"
"2145",2145,"SRR11619065","Immune Cells"
"2146",2146,"SRR11619070","Epithelial"
"2147",2147,"SRR11619075","Immune Cells"
"2148",2148,"SRR11619085","Immune Cells"
"2149",2149,"SRR11619090","Immune Cells"
"2150",2150,"SRR11619095","Epithelial"
"2151",2151,"SRR11619100","Immune Cells"
"2152",2152,"SRR11619110","Endothelial"
"2153",2153,"SRR11619125","Hepatocytes"
"2154",2154,"SRR11619130","Immune Cells"
"2155",2155,"SRR11619135","Fibroblasts"
"2156",2156,"SRR11619140","Endothelial"
"2157",2157,"SRR11619145","Epithelial"
"2158",2158,"SRR11619150","Immune Cells"
"2159",2159,"SRR11619155","Immune Cells"
"2160",2160,"SRR11619160","Immune Cells"
"2161",2161,"SRR11619170","Immune Cells"
"2162",2162,"SRR11619175","Fibroblasts"
"2163",2163,"SRR11619180","Epithelial"
"2164",2164,"SRR11619185","Fibroblasts"
"2165",2165,"SRR11619190","Immune Cells"
"2166",2166,"SRR11619195","Epithelial"
"2167",2167,"SRR11619200","Fibroblasts"
"2168",2168,"SRR11619205","Epithelial"
"2169",2169,"SRR11619210","Immune Cells"
"2170",2170,"SRR11619215","Immune Cells"
"2171",2171,"SRR11619220","Immune Cells"
"2172",2172,"SRR11619225","Epithelial"
"2173",2173,"SRR11619230","Epithelial"
"2174",2174,"SRR11619235","Epithelial"
"2175",2175,"SRR11619240","Fibroblasts"
"2176",2176,"SRR11619245","Melanocytes"
"2177",2177,"SRR11619250","Endothelial"
"2178",2178,"SRR11619255","Endothelial"
"2179",2179,"SRR11619260","Immune Cells"
"2180",2180,"SRR11619265","Endothelial"
"2181",2181,"SRR11619270","Immune Cells"
"2182",2182,"SRR11619275","Immune Cells"
"2183",2183,"SRR11619280","Immune Cells"
"2184",2184,"SRR11619285","Endothelial"
"2185",2185,"SRR11619290","Fibroblasts"
"2186",2186,"SRR11619295","Hepatocytes"
"2187",2187,"SRR11619305","Endothelial"
"2188",2188,"SRR11619310","Hepatocytes"
"2189",2189,"SRR11619315","Hepatocytes"
"2190",2190,"SRR11619320","Epithelial"
"2191",2191,"SRR11619325","Immune Cells"
"2192",2192,"SRR11619330","Immune Cells"
"2193",2193,"SRR11619335","Hepatocytes"
"2194",2194,"SRR11619340","Hepatocytes"
"2195",2195,"SRR11619345","Endothelial"
"2196",2196,"SRR11619355","Hepatocytes"
"2197",2197,"SRR11619360","Endothelial"
"2198",2198,"SRR11619365","Fibroblasts"
"2199",2199,"SRR11619370","Melanocytes"
"2200",2200,"SRR11619375","Immune Cells"
"2201",2201,"SRR11619380","Immune Cells"
"2202",2202,"SRR11619385","Epithelial"
"2203",2203,"SRR11619390","Endothelial"
"2204",2204,"SRR11619395","Epithelial"
"2205",2205,"SRR11619400","Endothelial"
"2206",2206,"SRR11619405","Hepatocytes"
"2207",2207,"SRR11619410","Fibroblasts"
"2208",2208,"SRR11619415","Endothelial"
"2209",2209,"SRR11619420","Immune Cells"
"2210",2210,"SRR11619430","Endothelial"
"2211",2211,"SRR11619435","Immune Cells"
"2212",2212,"SRR11619440","Hepatocytes"
"2213",2213,"SRR11619445","Endothelial"
"2214",2214,"SRR11619450","Immune Cells"
"2215",2215,"SRR11619455","Immune Cells"
"2216",2216,"SRR11619460","Fibroblasts"
"2217",2217,"SRR11619465","Endothelial"
"2218",2218,"SRR11619470","Immune Cells"
"2219",2219,"SRR11619475","Endothelial"
"2220",2220,"SRR11619480","Fibroblasts"
"2221",2221,"SRR11619490","Immune Cells"
"2222",2222,"SRR11619500","Endothelial"
"2223",2223,"SRR11619505","Fibroblasts"
"2224",2224,"SRR11619510","Endothelial"
"2225",2225,"SRR11619515","Fibroblasts"
"2226",2226,"SRR11619520","Hepatocytes"
"2227",2227,"SRR11619525","Fibroblasts"
"2228",2228,"SRR11619530","Endothelial"
"2229",2229,"SRR11619535","Immune Cells"
"2230",2230,"SRR11619540","Epithelial"
"2231",2231,"SRR11619545","Epithelial"
"2232",2232,"SRR11619550","Epithelial"
"2233",2233,"SRR11619555","Immune Cells"
"2234",2234,"SRR11619560","Immune Cells"
"2235",2235,"SRR11619570","Immune Cells"
"2236",2236,"SRR11619575","Fibroblasts"
"2237",2237,"SRR11619580","Hepatocytes"
"2238",2238,"SRR11619585","Hepatocytes"
"2239",2239,"SRR11619590","Immune Cells"
"2240",2240,"SRR11619600","Endothelial"
"2241",2241,"SRR11619605","Immune Cells"
"2242",2242,"SRR11619610","Immune Cells"
"2243",2243,"SRR11619615","Epithelial"
"2244",2244,"SRR11619620","Immune Cells"
"2245",2245,"SRR11619625","Endothelial"
"2246",2246,"SRR11619630","Fibroblasts"
"2247",2247,"SRR11619635","Fibroblasts"
"2248",2248,"SRR11619640","Immune Cells"
"2249",2249,"SRR11619645","Endothelial"
"2250",2250,"SRR11619650","Epithelial"
"2251",2251,"SRR11619655","Epithelial"
"2252",2252,"SRR11619665","Immune Cells"
"2253",2253,"SRR11619675","Fibroblasts"
"2254",2254,"SRR11619685","Hepatocytes"
"2255",2255,"SRR11619690","Epithelial"
"2256",2256,"SRR11619695","Immune Cells"
"2257",2257,"SRR11619705","Fibroblasts"
"2258",2258,"SRR11619710","Immune Cells"
"2259",2259,"SRR11619715","Immune Cells"
"2260",2260,"SRR11619720","Immune Cells"
"2261",2261,"SRR11619725","Fibroblasts"
"2262",2262,"SRR11619730","Immune Cells"
"2263",2263,"SRR11619735","Immune Cells"
"2264",2264,"SRR11619740","Melanocytes"
"2265",2265,"SRR11619745","Endothelial"
"2266",2266,"SRR11619750","Immune Cells"
"2267",2267,"SRR11619755","Endothelial"
"2268",2268,"SRR11619760","Epithelial"
"2269",2269,"SRR11619765","Endothelial"
"2270",2270,"SRR11619770","Immune Cells"
"2271",2271,"SRR11619775","Immune Cells"
"2272",2272,"SRR11619780","Immune Cells"
"2273",2273,"SRR11619785","Immune Cells"
"2274",2274,"SRR11619790","Fibroblasts"
"2275",2275,"SRR11619795","Endothelial"
"2276",2276,"SRR11619800","Hepatocytes"
"2277",2277,"SRR11619805","Immune Cells"
"2278",2278,"SRR11619810","Immune Cells"
"2279",2279,"SRR11619815","Immune Cells"
"2280",2280,"SRR11619820","Immune Cells"
"2281",2281,"SRR11619825","Immune Cells"
"2282",2282,"SRR11619840","Hepatocytes"
"2283",2283,"SRR11619845","Endothelial"
"2284",2284,"SRR11619850","Epithelial"
"2285",2285,"SRR11619855","Fibroblasts"
"2286",2286,"SRR11619865","Endothelial"
"2287",2287,"SRR11619870","Immune Cells"
"2288",2288,"SRR11619875","Immune Cells"
"2289",2289,"SRR11619880","Endothelial"
"2290",2290,"SRR11619885","Endothelial"
"2291",2291,"SRR11619890","Epithelial"
"2292",2292,"SRR11619895","Immune Cells"
"2293",2293,"SRR11619900","Endothelial"
"2294",2294,"SRR11619905","Immune Cells"
"2295",2295,"SRR11619915","Fibroblasts"
"2296",2296,"SRR11619920","Immune Cells"
"2297",2297,"SRR11619925","Hepatocytes"
"2298",2298,"SRR11619935","Immune Cells"
"2299",2299,"SRR11619940","Fibroblasts"
"2300",2300,"SRR11619955","Fibroblasts"
"2301",2301,"SRR11619960","Immune Cells"
"2302",2302,"SRR11619965","Fibroblasts"
"2303",2303,"SRR11619970","Hepatocytes"
"2304",2304,"SRR11619975","Melanocytes"
"2305",2305,"SRR11619985","Fibroblasts"
"2306",2306,"SRR11619990","Epithelial"
"2307",2307,"SRR11619995","Fibroblasts"
"2308",2308,"SRR11620000","Endothelial"
"2309",2309,"SRR11620005","Immune Cells"
"2310",2310,"SRR11620015","Epithelial"
"2311",2311,"SRR11620020","Epithelial"
"2312",2312,"SRR11620025","Fibroblasts"
"2313",2313,"SRR11620035","Epithelial"
"2314",2314,"SRR11620040","Fibroblasts"
"2315",2315,"SRR11620045","Immune Cells"
"2316",2316,"SRR11620050","Melanocytes"
"2317",2317,"SRR11620055","Immune Cells"
"2318",2318,"SRR11620060","Hepatocytes"
"2319",2319,"SRR11620065","Hepatocytes"
"2320",2320,"SRR11620070","Hepatocytes"
"2321",2321,"SRR11620075","Hepatocytes"
"2322",2322,"SRR11620080","Hepatocytes"
"2323",2323,"SRR11620090","Immune Cells"
"2324",2324,"SRR11620095","Fibroblasts"
"2325",2325,"SRR11620100","Epithelial"
"2326",2326,"SRR11620105","Immune Cells"
"2327",2327,"SRR11620110","Endothelial"
"2328",2328,"SRR11620115","Endothelial"
"2329",2329,"SRR11620120","Hepatocytes"
"2330",2330,"SRR11620125","Endothelial"
"2331",2331,"SRR11620130","Melanocytes"
"2332",2332,"SRR11620135","Immune Cells"
"2333",2333,"SRR11620145","Immune Cells"
"2334",2334,"SRR11620150","Immune Cells"
"2335",2335,"SRR11620155","Epithelial"
"2336",2336,"SRR11620160","Immune Cells"
"2337",2337,"SRR11620170","Melanocytes"
"2338",2338,"SRR11620180","Immune Cells"
"2339",2339,"SRR11620185","Immune Cells"
"2340",2340,"SRR11620190","Hepatocytes"
"2341",2341,"SRR11620195","Fibroblasts"
"2342",2342,"SRR11620200","Epithelial"
"2343",2343,"SRR11620205","Immune Cells"
"2344",2344,"SRR11620210","Immune Cells"
"2345",2345,"SRR11620215","Hepatocytes"
"2346",2346,"SRR11620220","Fibroblasts"
"2347",2347,"SRR11620225","Epithelial"
"2348",2348,"SRR11620230","Endothelial"
"2349",2349,"SRR11620235","Immune Cells"
"2350",2350,"SRR11620240","Epithelial"
"2351",2351,"SRR11620245","Endothelial"
"2352",2352,"SRR11620255","Epithelial"
"2353",2353,"SRR11620260","Immune Cells"
"2354",2354,"SRR11620275","Immune Cells"
"2355",2355,"SRR11620280","Hepatocytes"
"2356",2356,"SRR11620285","Hepatocytes"
"2357",2357,"SRR11620290","Epithelial"
"2358",2358,"SRR11620295","Fibroblasts"
"2359",2359,"SRR11620300","Fibroblasts"
"2360",2360,"SRR11620305","Endothelial"
"2361",2361,"SRR11620310","Epithelial"
"2362",2362,"SRR11620315","Epithelial"
"2363",2363,"SRR11620320","Immune Cells"
"2364",2364,"SRR11620325","Immune Cells"
"2365",2365,"SRR11620330","Epithelial"
"2366",2366,"SRR11620335","Fibroblasts"
"2367",2367,"SRR11620340","Immune Cells"
"2368",2368,"SRR11620345","Fibroblasts"
"2369",2369,"SRR11620350","Immune Cells"
"2370",2370,"SRR11620355","Immune Cells"
"2371",2371,"SRR11620360","Endothelial"
"2372",2372,"SRR11620365","Immune Cells"
"2373",2373,"SRR11620375","Melanocytes"
"2374",2374,"SRR11620380","Hepatocytes"
"2375",2375,"SRR11620385","Immune Cells"
"2376",2376,"SRR11620390","Epithelial"
"2377",2377,"SRR11620395","Immune Cells"
"2378",2378,"SRR11620400","Immune Cells"
"2379",2379,"SRR11620415","Endothelial"
"2380",2380,"SRR11620420","Fibroblasts"
"2381",2381,"SRR11620425","Immune Cells"
"2382",2382,"SRR11620430","Immune Cells"
"2383",2383,"SRR11620435","Immune Cells"
"2384",2384,"SRR11620440","Immune Cells"
"2385",2385,"SRR11620445","Epithelial"
"2386",2386,"SRR11620450","Fibroblasts"
"2387",2387,"SRR11620455","Endothelial"
"2388",2388,"SRR11620460","Immune Cells"
"2389",2389,"SRR11620465","Immune Cells"
"2390",2390,"SRR11620470","Melanocytes"
"2391",2391,"SRR11620475","Immune Cells"
"2392",2392,"SRR11620480","Immune Cells"
"2393",2393,"SRR11620485","Endothelial"
"2394",2394,"SRR11620490","Epithelial"
"2395",2395,"SRR11620495","Endothelial"
"2396",2396,"SRR11620500","Immune Cells"
"2397",2397,"SRR11620510","Immune Cells"
"2398",2398,"SRR11620515","Fibroblasts"
"2399",2399,"SRR11620525","Immune Cells"
"2400",2400,"SRR11620530","Endothelial"
"2401",2401,"SRR11620535","Epithelial"
"2402",2402,"SRR11620540","Immune Cells"
"2403",2403,"SRR11620545","Endothelial"
"2404",2404,"SRR11620550","Immune Cells"
"2405",2405,"SRR11620555","Hepatocytes"
"2406",2406,"SRR11620565","Endothelial"
"2407",2407,"SRR11620570","Immune Cells"
"2408",2408,"SRR11620575","Hepatocytes"
"2409",2409,"SRR11620580","Epithelial"
